,ARREST_DATE,year,day,Total,Drugs,Violent,Theft,Others
1095,2018-01-01,2018,1,453,72,161,65,155
1096,2018-01-02,2018,2,724,149,137,181,257
1097,2018-01-03,2018,3,907,178,182,230,317
1098,2018-01-04,2018,4,319,50,84,79,106
1099,2018-01-05,2018,5,533,106,106,149,172
1100,2018-01-06,2018,6,496,82,102,126,186
1101,2018-01-07,2018,7,437,72,100,100,165
1102,2018-01-08,2018,8,634,78,138,198,220
1103,2018-01-09,2018,9,944,178,160,275,331
1104,2018-01-10,2018,10,956,175,161,232,388
1105,2018-01-11,2018,11,1073,186,176,295,416
1106,2018-01-12,2018,12,820,185,127,204,304
1107,2018-01-13,2018,13,699,143,145,162,249
1108,2018-01-14,2018,14,585,124,113,117,231
1109,2018-01-15,2018,15,734,137,121,178,298
1110,2018-01-16,2018,16,940,146,177,285,332
1111,2018-01-17,2018,17,950,154,159,283,354
1112,2018-01-18,2018,18,1001,172,186,269,374
1113,2018-01-19,2018,19,891,164,141,246,340
1114,2018-01-20,2018,20,811,214,135,153,309
1115,2018-01-21,2018,21,646,135,137,118,256
1116,2018-01-22,2018,22,757,106,183,216,252
1117,2018-01-23,2018,23,945,150,169,259,367
1118,2018-01-24,2018,24,1048,189,171,301,387
1119,2018-01-25,2018,25,868,159,145,227,337
1120,2018-01-26,2018,26,967,225,131,244,367
1121,2018-01-27,2018,27,783,186,149,179,269
1122,2018-01-28,2018,28,535,79,114,130,212
1123,2018-01-29,2018,29,695,83,166,181,265
1124,2018-01-30,2018,30,828,109,161,249,309
1125,2018-01-31,2018,31,903,174,143,213,373
1126,2018-02-01,2018,32,1066,226,214,254,372
1127,2018-02-02,2018,33,746,129,155,185,277
1128,2018-02-03,2018,34,727,172,127,134,294
1129,2018-02-04,2018,35,473,91,100,101,181
1130,2018-02-05,2018,36,636,88,159,138,251
1131,2018-02-06,2018,37,886,155,172,224,335
1132,2018-02-07,2018,38,850,141,192,188,329
1133,2018-02-08,2018,39,994,176,169,251,398
1134,2018-02-09,2018,40,844,165,139,198,342
1135,2018-02-10,2018,41,720,184,123,148,265
1136,2018-02-11,2018,42,542,100,156,102,184
1137,2018-02-12,2018,43,708,126,151,180,251
1138,2018-02-13,2018,44,975,147,207,258,363
1139,2018-02-14,2018,45,920,164,158,247,351
1140,2018-02-15,2018,46,999,207,175,229,388
1141,2018-02-16,2018,47,749,203,120,165,261
1142,2018-02-17,2018,48,622,155,127,104,236
1143,2018-02-18,2018,49,523,83,128,118,194
1144,2018-02-19,2018,50,669,99,141,152,277
1145,2018-02-20,2018,51,897,175,160,218,344
1146,2018-02-21,2018,52,1016,221,193,222,380
1147,2018-02-22,2018,53,854,147,158,218,331
1148,2018-02-23,2018,54,798,163,158,179,298
1149,2018-02-24,2018,55,677,172,146,98,261
1150,2018-02-25,2018,56,505,88,120,112,185
1151,2018-02-26,2018,57,674,117,173,166,218
1152,2018-02-27,2018,58,772,125,152,181,314
1153,2018-02-28,2018,59,882,162,151,241,328
1154,2018-03-01,2018,60,995,211,162,219,403
1155,2018-03-02,2018,61,548,100,132,103,213
1156,2018-03-03,2018,62,685,182,110,122,271
1157,2018-03-04,2018,63,552,85,144,109,214
1158,2018-03-05,2018,64,648,97,155,133,263
1159,2018-03-06,2018,65,959,172,158,243,386
1160,2018-03-07,2018,66,509,82,114,122,191
1161,2018-03-08,2018,67,814,146,170,181,317
1162,2018-03-09,2018,68,946,189,148,279,330
1163,2018-03-10,2018,69,705,194,119,142,250
1164,2018-03-11,2018,70,562,122,148,90,202
1165,2018-03-12,2018,71,677,99,164,168,246
1166,2018-03-13,2018,72,786,149,152,202,283
1167,2018-03-14,2018,73,919,174,171,215,359
1168,2018-03-15,2018,74,874,151,167,210,346
1169,2018-03-16,2018,75,772,151,130,171,320
1170,2018-03-17,2018,76,688,188,134,105,261
1171,2018-03-18,2018,77,589,124,173,77,215
1172,2018-03-19,2018,78,657,80,170,160,247
1173,2018-03-20,2018,79,853,128,175,219,331
1174,2018-03-21,2018,80,468,84,98,123,163
1175,2018-03-22,2018,81,725,145,173,168,239
1176,2018-03-23,2018,82,803,180,157,144,322
1177,2018-03-24,2018,83,656,148,137,115,256
1178,2018-03-25,2018,84,560,110,160,99,191
1179,2018-03-26,2018,85,611,78,144,160,229
1180,2018-03-27,2018,86,869,135,175,238,321
1181,2018-03-28,2018,87,899,141,186,225,347
1182,2018-03-29,2018,88,860,148,158,196,358
1183,2018-03-30,2018,89,658,155,106,131,266
1184,2018-03-31,2018,90,615,135,128,106,246
1185,2018-04-01,2018,91,438,67,128,73,170
1186,2018-04-02,2018,92,563,88,151,131,193
1187,2018-04-03,2018,93,731,99,184,165,283
1188,2018-04-04,2018,94,806,143,167,181,315
1189,2018-04-05,2018,95,828,168,144,192,324
1190,2018-04-06,2018,96,791,196,136,152,307
1191,2018-04-07,2018,97,691,162,140,153,236
1192,2018-04-08,2018,98,510,82,124,86,218
1193,2018-04-09,2018,99,637,64,146,183,244
1194,2018-04-10,2018,100,883,163,166,258,296
1195,2018-04-11,2018,101,852,185,150,217,300
1196,2018-04-12,2018,102,953,163,172,252,366
1197,2018-04-13,2018,103,781,166,149,171,295
1198,2018-04-14,2018,104,696,174,156,93,273
1199,2018-04-15,2018,105,540,83,152,95,210
1200,2018-04-16,2018,106,503,49,123,143,188
1201,2018-04-17,2018,107,790,122,184,180,304
1202,2018-04-18,2018,108,885,165,158,218,344
1203,2018-04-19,2018,109,844,109,189,180,366
1204,2018-04-20,2018,110,751,179,123,163,286
1205,2018-04-21,2018,111,656,145,136,111,264
1206,2018-04-22,2018,112,527,90,139,117,181
1207,2018-04-23,2018,113,615,75,151,133,256
1208,2018-04-24,2018,114,797,131,165,204,297
1209,2018-04-25,2018,115,941,135,177,318,311
1210,2018-04-26,2018,116,854,142,179,240,293
1211,2018-04-27,2018,117,728,137,135,180,276
1212,2018-04-28,2018,118,640,137,136,120,247
1213,2018-04-29,2018,119,539,95,129,100,215
1214,2018-04-30,2018,120,557,69,157,128,203
1215,2018-05-01,2018,121,845,153,161,257,274
1216,2018-05-02,2018,122,1000,215,178,225,382
1217,2018-05-03,2018,123,842,126,187,175,354
1218,2018-05-04,2018,124,832,186,182,170,294
1219,2018-05-05,2018,125,661,143,157,121,240
1220,2018-05-06,2018,126,560,87,175,105,193
1221,2018-05-07,2018,127,608,67,150,173,218
1222,2018-05-08,2018,128,798,128,192,175,303
1223,2018-05-09,2018,129,826,119,200,184,323
1224,2018-05-10,2018,130,856,143,162,206,345
1225,2018-05-11,2018,131,840,211,159,181,289
1226,2018-05-12,2018,132,648,105,138,165,240
1227,2018-05-13,2018,133,467,79,139,93,156
1228,2018-05-14,2018,134,626,81,171,150,224
1229,2018-05-15,2018,135,636,97,161,146,232
1230,2018-05-16,2018,136,789,102,162,220,305
1231,2018-05-17,2018,137,832,126,171,215,320
1232,2018-05-18,2018,138,773,153,154,164,302
1233,2018-05-19,2018,139,511,79,122,113,197
1234,2018-05-20,2018,140,560,86,160,115,199
1235,2018-05-21,2018,141,645,78,208,159,200
1236,2018-05-22,2018,142,700,81,150,188,281
1237,2018-05-23,2018,143,887,152,190,221,324
1238,2018-05-24,2018,144,769,109,180,210,270
1239,2018-05-25,2018,145,748,158,186,131,273
1240,2018-05-26,2018,146,592,112,121,140,219
1241,2018-05-27,2018,147,474,69,146,104,155
1242,2018-05-28,2018,148,421,64,114,93,150
1243,2018-05-29,2018,149,767,102,193,177,295
1244,2018-05-30,2018,150,791,94,175,225,297
1245,2018-05-31,2018,151,732,102,134,217,279
1246,2018-06-01,2018,152,719,130,141,167,281
1247,2018-06-02,2018,153,618,112,154,132,220
1248,2018-06-03,2018,154,470,64,143,110,153
1249,2018-06-04,2018,155,621,68,164,171,218
1250,2018-06-05,2018,156,768,82,169,208,309
1251,2018-06-06,2018,157,804,110,183,186,325
1252,2018-06-07,2018,158,770,118,165,213,274
1253,2018-06-08,2018,159,684,140,171,149,224
1254,2018-06-09,2018,160,629,106,167,120,236
1255,2018-06-10,2018,161,448,67,132,94,155
1256,2018-06-11,2018,162,552,69,144,131,208
1257,2018-06-12,2018,163,744,105,166,190,283
1258,2018-06-13,2018,164,723,95,170,190,268
1259,2018-06-14,2018,165,733,104,148,203,278
1260,2018-06-15,2018,166,670,122,155,149,244
1261,2018-06-16,2018,167,617,96,169,124,228
1262,2018-06-17,2018,168,469,42,174,95,158
1263,2018-06-18,2018,169,593,51,199,147,196
1264,2018-06-19,2018,170,729,87,169,206,267
1265,2018-06-20,2018,171,846,107,216,220,303
1266,2018-06-21,2018,172,907,135,213,218,341
1267,2018-06-22,2018,173,663,118,119,160,266
1268,2018-06-23,2018,174,597,91,132,123,251
1269,2018-06-24,2018,175,439,56,131,96,156
1270,2018-06-25,2018,176,509,44,135,150,180
1271,2018-06-26,2018,177,655,63,173,195,224
1272,2018-06-27,2018,178,796,103,161,220,312
1273,2018-06-28,2018,179,669,120,160,164,225
1274,2018-06-29,2018,180,646,74,119,177,276
1275,2018-06-30,2018,181,524,95,118,118,193
1276,2018-07-01,2018,182,471,56,135,102,178
1277,2018-07-02,2018,183,527,42,143,145,197
1278,2018-07-03,2018,184,707,88,173,182,264
1279,2018-07-04,2018,185,590,89,148,103,250
1280,2018-07-05,2018,186,749,107,197,171,274
1281,2018-07-06,2018,187,779,138,175,169,297
1282,2018-07-07,2018,188,655,110,138,134,273
1283,2018-07-08,2018,189,500,72,128,99,201
1284,2018-07-09,2018,190,599,70,150,165,214
1285,2018-07-10,2018,191,725,94,172,196,263
1286,2018-07-11,2018,192,798,131,164,205,298
1287,2018-07-12,2018,193,782,119,176,196,291
1288,2018-07-13,2018,194,709,147,128,154,280
1289,2018-07-14,2018,195,671,99,149,158,265
1290,2018-07-15,2018,196,565,61,176,106,222
1291,2018-07-16,2018,197,656,63,167,224,202
1292,2018-07-17,2018,198,725,84,167,174,300
1293,2018-07-18,2018,199,848,139,177,213,319
1294,2018-07-19,2018,200,724,114,130,187,293
1295,2018-07-20,2018,201,738,127,169,167,275
1296,2018-07-21,2018,202,660,117,149,166,228
1297,2018-07-22,2018,203,494,70,142,122,160
1298,2018-07-23,2018,204,637,70,163,178,226
1299,2018-07-24,2018,205,780,86,190,195,309
1300,2018-07-25,2018,206,790,93,191,215,291
1301,2018-07-26,2018,207,889,127,215,237,310
1302,2018-07-27,2018,208,673,92,141,183,257
1303,2018-07-28,2018,209,583,92,138,132,221
1304,2018-07-29,2018,210,589,64,185,122,218
1305,2018-07-30,2018,211,557,48,152,164,193
1306,2018-07-31,2018,212,705,80,153,200,272
1307,2018-08-01,2018,213,869,105,217,244,303
1308,2018-08-02,2018,214,785,142,181,182,280
1309,2018-08-03,2018,215,779,147,127,198,307
1310,2018-08-04,2018,216,600,107,127,126,240
1311,2018-08-05,2018,217,562,67,156,142,197
1312,2018-08-06,2018,218,607,65,161,165,216
1313,2018-08-07,2018,219,722,89,198,186,249
1314,2018-08-08,2018,220,856,150,188,230,288
1315,2018-08-09,2018,221,794,119,167,215,293
1316,2018-08-10,2018,222,702,146,163,143,250
1317,2018-08-11,2018,223,604,101,146,139,218
1318,2018-08-12,2018,224,550,69,150,119,212
1319,2018-08-13,2018,225,527,63,123,118,223
1320,2018-08-14,2018,226,726,107,177,200,242
1321,2018-08-15,2018,227,789,104,189,182,314
1322,2018-08-16,2018,228,846,119,207,224,296
1323,2018-08-17,2018,229,742,116,141,201,284
1324,2018-08-18,2018,230,601,104,149,109,239
1325,2018-08-19,2018,231,600,62,174,162,202
1326,2018-08-20,2018,232,615,64,171,158,222
1327,2018-08-21,2018,233,743,92,177,204,270
1328,2018-08-22,2018,234,787,104,175,194,314
1329,2018-08-23,2018,235,704,92,163,210,239
1330,2018-08-24,2018,236,756,124,160,197,275
1331,2018-08-25,2018,237,622,110,145,158,209
1332,2018-08-26,2018,238,494,74,133,121,166
1333,2018-08-27,2018,239,570,65,142,144,219
1334,2018-08-28,2018,240,718,89,154,194,281
1335,2018-08-29,2018,241,765,105,187,194,279
1336,2018-08-30,2018,242,705,82,155,187,281
1337,2018-08-31,2018,243,640,143,113,149,235
1338,2018-09-01,2018,244,675,149,149,115,262
1339,2018-09-02,2018,245,542,97,136,129,180
1340,2018-09-03,2018,246,501,65,145,92,199
1341,2018-09-04,2018,247,662,92,182,135,253
1342,2018-09-05,2018,248,723,105,197,190,231
1343,2018-09-06,2018,249,749,99,181,176,293
1344,2018-09-07,2018,250,745,111,180,209,245
1345,2018-09-08,2018,251,538,85,139,113,201
1346,2018-09-09,2018,252,401,48,105,90,158
1347,2018-09-10,2018,253,513,51,144,129,189
1348,2018-09-11,2018,254,695,111,157,180,247
1349,2018-09-12,2018,255,815,97,175,246,297
1350,2018-09-13,2018,256,720,100,153,177,290
1351,2018-09-14,2018,257,711,127,124,182,278
1352,2018-09-15,2018,258,572,88,145,103,236
1353,2018-09-16,2018,259,457,48,142,99,168
1354,2018-09-17,2018,260,624,48,195,171,210
1355,2018-09-18,2018,261,796,74,172,229,321
1356,2018-09-19,2018,262,873,117,167,199,390
1357,2018-09-20,2018,263,766,93,174,218,281
1358,2018-09-21,2018,264,694,103,132,199,260
1359,2018-09-22,2018,265,537,85,141,114,197
1360,2018-09-23,2018,266,461,53,128,104,176
1361,2018-09-24,2018,267,477,34,133,114,196
1362,2018-09-25,2018,268,455,33,126,127,169
1363,2018-09-26,2018,269,606,70,148,176,212
1364,2018-09-27,2018,270,653,80,141,164,268
1365,2018-09-28,2018,271,583,87,139,155,202
1366,2018-09-29,2018,272,539,74,142,119,204
1367,2018-09-30,2018,273,435,45,153,92,145
1368,2018-10-01,2018,274,523,56,165,118,184
1369,2018-10-02,2018,275,703,76,187,170,270
1370,2018-10-03,2018,276,792,109,195,195,293
1371,2018-10-04,2018,277,764,105,184,173,302
1372,2018-10-05,2018,278,673,137,143,160,233
1373,2018-10-06,2018,279,452,61,95,116,180
1374,2018-10-07,2018,280,451,56,130,109,156
1375,2018-10-08,2018,281,512,56,139,137,180
1376,2018-10-09,2018,282,791,79,191,183,338
1377,2018-10-10,2018,283,817,144,171,222,280
1378,2018-10-11,2018,284,753,102,211,166,274
1379,2018-10-12,2018,285,673,119,142,172,240
1380,2018-10-13,2018,286,579,93,123,141,222
1381,2018-10-14,2018,287,467,75,139,94,159
1382,2018-10-15,2018,288,561,44,138,179,200
1383,2018-10-16,2018,289,733,96,158,229,250
1384,2018-10-17,2018,290,821,125,177,214,305
1385,2018-10-18,2018,291,680,92,140,199,249
1386,2018-10-19,2018,292,663,115,153,161,234
1387,2018-10-20,2018,293,547,94,132,104,217
1388,2018-10-21,2018,294,441,55,105,96,185
1389,2018-10-22,2018,295,609,52,148,165,244
1390,2018-10-23,2018,296,683,85,158,198,242
1391,2018-10-24,2018,297,737,100,162,182,293
1392,2018-10-25,2018,298,732,120,152,172,288
1393,2018-10-26,2018,299,640,103,125,161,251
1394,2018-10-27,2018,300,449,75,112,106,156
1395,2018-10-28,2018,301,500,64,159,91,186
1396,2018-10-29,2018,302,550,42,132,160,216
1397,2018-10-30,2018,303,657,87,148,162,260
1398,2018-10-31,2018,304,601,64,136,146,255
1399,2018-11-01,2018,305,885,174,174,233,304
1400,2018-11-02,2018,306,712,118,157,170,267
1401,2018-11-03,2018,307,499,97,122,104,176
1402,2018-11-04,2018,308,437,50,126,89,172
1403,2018-11-05,2018,309,465,41,139,120,165
1404,2018-11-06,2018,310,565,55,144,171,195
1405,2018-11-07,2018,311,784,117,149,219,299
1406,2018-11-08,2018,312,815,105,172,216,322
1407,2018-11-09,2018,313,600,101,141,145,213
1408,2018-11-10,2018,314,573,103,121,128,221
1409,2018-11-11,2018,315,470,62,118,120,170
1410,2018-11-12,2018,316,538,72,111,178,177
1411,2018-11-13,2018,317,667,65,158,183,261
1412,2018-11-14,2018,318,745,93,146,198,308
1413,2018-11-15,2018,319,561,70,133,178,180
1414,2018-11-16,2018,320,565,88,104,154,219
1415,2018-11-17,2018,321,538,92,113,131,202
1416,2018-11-18,2018,322,486,61,140,93,192
1417,2018-11-19,2018,323,622,48,170,183,221
1418,2018-11-20,2018,324,675,62,155,200,258
1419,2018-11-21,2018,325,614,76,129,157,252
1420,2018-11-22,2018,326,199,30,69,41,59
1421,2018-11-23,2018,327,615,98,133,179,205
1422,2018-11-24,2018,328,486,86,103,115,182
1423,2018-11-25,2018,329,468,43,118,116,191
1424,2018-11-26,2018,330,506,29,131,148,198
1425,2018-11-27,2018,331,730,81,194,204,251
1426,2018-11-28,2018,332,729,86,168,210,265
1427,2018-11-29,2018,333,800,112,163,208,317
1428,2018-11-30,2018,334,653,125,134,148,246
1429,2018-12-01,2018,335,615,127,140,125,223
1430,2018-12-02,2018,336,432,47,125,111,149
1431,2018-12-03,2018,337,636,68,155,162,251
1432,2018-12-04,2018,338,721,85,148,195,293
1433,2018-12-05,2018,339,738,92,179,189,278
1434,2018-12-06,2018,340,776,103,155,202,316
1435,2018-12-07,2018,341,714,123,114,193,284
1436,2018-12-08,2018,342,605,104,133,151,217
1437,2018-12-09,2018,343,462,49,112,114,187
1438,2018-12-10,2018,344,557,52,128,157,220
1439,2018-12-11,2018,345,769,81,149,240,299
1440,2018-12-12,2018,346,788,129,157,208,294
1441,2018-12-13,2018,347,616,65,148,181,222
1442,2018-12-14,2018,348,677,107,160,185,225
1443,2018-12-15,2018,349,581,115,140,135,191
1444,2018-12-16,2018,350,369,34,101,94,140
1445,2018-12-17,2018,351,503,40,151,147,165
1446,2018-12-18,2018,352,669,69,132,214,254
1447,2018-12-19,2018,353,653,79,133,174,267
1448,2018-12-20,2018,354,622,63,140,195,224
1449,2018-12-21,2018,355,568,67,160,151,190
1450,2018-12-22,2018,356,503,60,129,132,182
1451,2018-12-23,2018,357,420,50,113,120,137
1452,2018-12-24,2018,358,282,23,85,103,71
1453,2018-12-25,2018,359,197,16,93,36,52
1454,2018-12-26,2018,360,509,61,129,121,198
1455,2018-12-27,2018,361,640,67,140,153,280
1456,2018-12-28,2018,362,525,86,121,123,195
1457,2018-12-29,2018,363,531,73,114,138,206
1458,2018-12-30,2018,364,421,58,112,94,157
1459,2018-12-31,2018,365,302,36,85,89,92
1460,2019-01-01,2019,1,548,85,156,102,205
1461,2019-01-02,2019,2,737,95,179,183,280
1462,2019-01-03,2019,3,808,97,178,192,341
1463,2019-01-04,2019,4,781,121,157,173,330
1464,2019-01-05,2019,5,523,87,112,117,207
1465,2019-01-06,2019,6,472,54,112,98,208
1466,2019-01-07,2019,7,644,65,160,168,251
1467,2019-01-08,2019,8,749,93,179,208,269
1468,2019-01-09,2019,9,714,95,167,179,273
1469,2019-01-10,2019,10,856,111,173,226,346
1470,2019-01-11,2019,11,661,115,120,152,274
1471,2019-01-12,2019,12,577,103,115,128,231
1472,2019-01-13,2019,13,465,50,127,87,201
1473,2019-01-14,2019,14,596,44,129,183,240
1474,2019-01-15,2019,15,735,75,161,176,323
1475,2019-01-16,2019,16,781,138,158,151,334
1476,2019-01-17,2019,17,767,80,155,209,323
1477,2019-01-18,2019,18,740,144,159,151,286
1478,2019-01-19,2019,19,546,64,129,117,236
1479,2019-01-20,2019,20,441,43,130,108,160
1480,2019-01-21,2019,21,380,43,101,96,140
1481,2019-01-22,2019,22,694,74,114,211,295
1482,2019-01-23,2019,23,838,117,141,215,365
1483,2019-01-24,2019,24,702,69,141,223,269
1484,2019-01-25,2019,25,770,112,138,200,320
1485,2019-01-26,2019,26,618,107,119,125,267
1486,2019-01-27,2019,27,510,56,151,105,198
1487,2019-01-28,2019,28,511,46,140,127,198
1488,2019-01-29,2019,29,686,74,170,179,263
1489,2019-01-30,2019,30,675,88,160,169,258
1490,2019-01-31,2019,31,566,60,106,158,242
1491,2019-02-01,2019,32,686,111,111,199,265
1492,2019-02-02,2019,33,617,98,139,142,238
1493,2019-02-03,2019,34,445,45,134,91,175
1494,2019-02-04,2019,35,732,73,147,255,257
1495,2019-02-05,2019,36,764,150,147,161,306
1496,2019-02-06,2019,37,768,104,156,188,320
1497,2019-02-07,2019,38,759,84,167,205,303
1498,2019-02-08,2019,39,697,137,141,139,280
1499,2019-02-09,2019,40,631,131,122,124,254
1500,2019-02-10,2019,41,470,56,127,107,180
1501,2019-02-11,2019,42,562,60,144,140,218
1502,2019-02-12,2019,43,563,53,132,150,228
1503,2019-02-13,2019,44,738,120,156,207,255
1504,2019-02-14,2019,45,692,70,144,196,282
1505,2019-02-15,2019,46,728,120,135,192,281
1506,2019-02-16,2019,47,661,128,130,139,264
1507,2019-02-17,2019,48,486,63,143,108,172
1508,2019-02-18,2019,49,503,66,107,141,189
1509,2019-02-19,2019,50,663,75,142,201,245
1510,2019-02-20,2019,51,382,27,93,100,162
1511,2019-02-21,2019,52,751,102,142,206,301
1512,2019-02-22,2019,53,685,121,142,176,246
1513,2019-02-23,2019,54,621,112,130,121,258
1514,2019-02-24,2019,55,499,58,128,109,204
1515,2019-02-25,2019,56,502,41,121,133,207
1516,2019-02-26,2019,57,598,58,129,169,242
1517,2019-02-27,2019,58,757,86,134,194,343
1518,2019-02-28,2019,59,732,110,167,155,300
1519,2019-03-01,2019,60,680,131,128,169,252
1520,2019-03-02,2019,61,529,102,113,102,212
1521,2019-03-03,2019,62,512,59,149,91,213
1522,2019-03-04,2019,63,463,40,120,115,188
1523,2019-03-05,2019,64,712,74,152,198,288
1524,2019-03-06,2019,65,722,97,150,166,309
1525,2019-03-07,2019,66,733,130,135,168,300
1526,2019-03-08,2019,67,697,148,129,174,246
1527,2019-03-09,2019,68,595,117,117,116,245
1528,2019-03-10,2019,69,477,64,140,87,186
1529,2019-03-11,2019,70,715,64,158,268,225
1530,2019-03-12,2019,71,751,86,165,191,309
1531,2019-03-13,2019,72,806,92,172,192,350
1532,2019-03-14,2019,73,715,108,134,178,295
1533,2019-03-15,2019,74,685,97,152,136,300
1534,2019-03-16,2019,75,551,86,145,120,200
1535,2019-03-17,2019,76,437,68,109,88,172
1536,2019-03-18,2019,77,550,43,130,134,243
1537,2019-03-19,2019,78,718,73,158,188,299
1538,2019-03-20,2019,79,784,111,147,205,321
1539,2019-03-21,2019,80,629,57,136,172,264
1540,2019-03-22,2019,81,649,102,126,167,254
1541,2019-03-23,2019,82,611,113,143,106,249
1542,2019-03-24,2019,83,516,50,145,112,209
1543,2019-03-25,2019,84,520,35,163,109,213
1544,2019-03-26,2019,85,765,99,162,188,316
1545,2019-03-27,2019,86,716,92,147,203,274
1546,2019-03-28,2019,87,772,101,158,209,304
1547,2019-03-29,2019,88,680,120,132,165,263
1548,2019-03-30,2019,89,513,74,125,118,196
1549,2019-03-31,2019,90,469,56,170,69,174
1550,2019-04-01,2019,91,551,34,163,150,204
1551,2019-04-02,2019,92,739,104,178,169,288
1552,2019-04-03,2019,93,834,121,199,199,315
1553,2019-04-04,2019,94,776,111,177,170,318
1554,2019-04-05,2019,95,720,112,144,146,318
1555,2019-04-06,2019,96,585,116,129,116,224
1556,2019-04-07,2019,97,484,69,115,115,185
1557,2019-04-08,2019,98,554,66,140,123,225
1558,2019-04-09,2019,99,798,85,166,217,330
1559,2019-04-10,2019,100,815,116,195,188,316
1560,2019-04-11,2019,101,796,106,166,213,311
1561,2019-04-12,2019,102,668,116,144,157,251
1562,2019-04-13,2019,103,503,76,164,107,156
1563,2019-04-14,2019,104,504,67,130,103,204
1564,2019-04-15,2019,105,541,51,143,147,200
1565,2019-04-16,2019,106,729,64,176,175,314
1566,2019-04-17,2019,107,874,94,182,229,369
1567,2019-04-18,2019,108,731,121,158,143,309
1568,2019-04-19,2019,109,645,121,137,148,239
1569,2019-04-20,2019,110,479,82,133,92,172
1570,2019-04-21,2019,111,436,30,149,121,136
1571,2019-04-22,2019,112,497,54,150,122,171
1572,2019-04-23,2019,113,657,64,158,154,281
1573,2019-04-24,2019,114,810,101,170,194,345
1574,2019-04-25,2019,115,706,71,169,215,251
1575,2019-04-26,2019,116,546,83,114,134,215
1576,2019-04-27,2019,117,517,65,153,115,184
1577,2019-04-28,2019,118,480,36,158,103,183
1578,2019-04-29,2019,119,507,41,143,118,205
1579,2019-04-30,2019,120,715,52,161,216,286
1580,2019-05-01,2019,121,802,129,198,217,258
1581,2019-05-02,2019,122,888,119,207,222,340
1582,2019-05-03,2019,123,663,112,144,153,254
1583,2019-05-04,2019,124,535,79,138,98,220
1584,2019-05-05,2019,125,401,41,140,90,130
1585,2019-05-06,2019,126,578,44,160,170,204
1586,2019-05-07,2019,127,772,85,208,185,294
1587,2019-05-08,2019,128,754,103,162,168,321
1588,2019-05-09,2019,129,775,88,193,201,293
1589,2019-05-10,2019,130,724,110,154,162,298
1590,2019-05-11,2019,131,517,62,157,110,188
1591,2019-05-12,2019,132,362,45,126,62,129
1592,2019-05-13,2019,133,456,28,128,131,169
1593,2019-05-14,2019,134,681,73,167,188,253
1594,2019-05-15,2019,135,779,106,182,208,283
1595,2019-05-16,2019,136,664,67,138,182,277
1596,2019-05-17,2019,137,602,84,137,141,240
1597,2019-05-18,2019,138,542,79,152,124,187
1598,2019-05-19,2019,139,495,39,155,126,175
1599,2019-05-20,2019,140,529,48,147,133,201
1600,2019-05-21,2019,141,749,72,192,184,301
1601,2019-05-22,2019,142,744,99,173,198,274
1602,2019-05-23,2019,143,692,82,177,201,232
1603,2019-05-24,2019,144,670,104,164,144,258
1604,2019-05-25,2019,145,587,77,147,153,210
1605,2019-05-26,2019,146,445,59,143,72,171
1606,2019-05-27,2019,147,468,59,156,116,137
1607,2019-05-28,2019,148,695,61,172,218,244
1608,2019-05-29,2019,149,692,68,181,186,257
1609,2019-05-30,2019,150,703,75,188,207,233
1610,2019-05-31,2019,151,589,86,160,130,213
1611,2019-06-01,2019,152,547,70,156,95,226
1612,2019-06-02,2019,153,454,37,134,102,181
1613,2019-06-03,2019,154,526,47,166,125,188
1614,2019-06-04,2019,155,727,71,174,216,266
1615,2019-06-05,2019,156,798,104,182,175,337
1616,2019-06-06,2019,157,783,76,175,272,260
1617,2019-06-07,2019,158,640,92,142,156,250
1618,2019-06-08,2019,159,464,58,132,93,181
1619,2019-06-09,2019,160,504,53,137,118,196
1620,2019-06-10,2019,161,497,41,170,127,159
1621,2019-06-11,2019,162,662,48,183,190,241
1622,2019-06-12,2019,163,776,99,182,215,280
1623,2019-06-13,2019,164,684,80,168,206,230
1624,2019-06-14,2019,165,611,87,129,168,227
1625,2019-06-15,2019,166,551,84,156,130,181
1626,2019-06-16,2019,167,425,32,150,98,145
1627,2019-06-17,2019,168,553,43,147,139,224
1628,2019-06-18,2019,169,643,64,179,170,230
1629,2019-06-19,2019,170,748,74,166,230,278
1630,2019-06-20,2019,171,638,61,171,194,212
1631,2019-06-21,2019,172,613,88,129,167,229
1632,2019-06-22,2019,173,556,62,116,114,264
1633,2019-06-23,2019,174,439,41,145,101,152
1634,2019-06-24,2019,175,479,41,143,133,162
1635,2019-06-25,2019,176,514,46,154,112,202
1636,2019-06-26,2019,177,646,81,173,161,231
1637,2019-06-27,2019,178,583,53,157,152,221
1638,2019-06-28,2019,179,476,63,125,118,170
1639,2019-06-29,2019,180,510,57,156,116,181
1640,2019-06-30,2019,181,397,31,161,64,141
1641,2019-07-01,2019,182,538,44,167,131,196
1642,2019-07-02,2019,183,748,87,216,151,294
1643,2019-07-03,2019,184,792,87,206,194,305
1644,2019-07-04,2019,185,545,56,157,122,210
1645,2019-07-05,2019,186,701,92,186,137,286
1646,2019-07-06,2019,187,580,91,134,144,211
1647,2019-07-07,2019,188,494,49,154,109,182
1648,2019-07-08,2019,189,555,44,173,138,200
1649,2019-07-09,2019,190,755,98,184,188,285
1650,2019-07-10,2019,191,745,97,169,191,288
1651,2019-07-11,2019,192,782,107,171,212,292
1652,2019-07-12,2019,193,670,110,135,195,230
1653,2019-07-13,2019,194,543,78,139,119,207
1654,2019-07-14,2019,195,477,45,164,96,172
1655,2019-07-15,2019,196,578,53,143,146,236
1656,2019-07-16,2019,197,743,83,177,193,290
1657,2019-07-17,2019,198,719,103,166,196,254
1658,2019-07-18,2019,199,683,77,176,181,249
1659,2019-07-19,2019,200,659,80,174,167,238
1660,2019-07-20,2019,201,526,64,142,128,192
1661,2019-07-21,2019,202,478,40,146,123,169
1662,2019-07-22,2019,203,551,29,180,166,176
1663,2019-07-23,2019,204,701,76,191,212,222
1664,2019-07-24,2019,205,837,93,211,228,305
1665,2019-07-25,2019,206,781,86,185,233,277
1666,2019-07-26,2019,207,629,104,174,143,208
1667,2019-07-27,2019,208,462,54,116,110,182
1668,2019-07-28,2019,209,475,52,145,101,177
1669,2019-07-29,2019,210,496,50,138,133,175
1670,2019-07-30,2019,211,629,52,167,168,242
1671,2019-07-31,2019,212,705,72,169,212,252
1672,2019-08-01,2019,213,738,80,171,221,266
1673,2019-08-02,2019,214,697,141,148,133,275
1674,2019-08-03,2019,215,519,69,134,145,171
1675,2019-08-04,2019,216,457,49,138,98,172
1676,2019-08-05,2019,217,531,45,154,141,191
1677,2019-08-06,2019,218,628,61,163,188,216
1678,2019-08-07,2019,219,744,102,198,189,255
1679,2019-08-08,2019,220,786,108,171,239,268
1680,2019-08-09,2019,221,606,97,113,134,262
1681,2019-08-10,2019,222,600,79,135,111,275
1682,2019-08-11,2019,223,538,53,147,104,234
1683,2019-08-12,2019,224,520,47,166,128,179
1684,2019-08-13,2019,225,786,86,198,230,272
1685,2019-08-14,2019,226,809,94,178,278,259
1686,2019-08-15,2019,227,749,110,173,226,240
1687,2019-08-16,2019,228,649,97,139,183,230
1688,2019-08-17,2019,229,560,90,157,113,200
1689,2019-08-18,2019,230,416,37,118,99,162
1690,2019-08-19,2019,231,440,30,144,109,157
1691,2019-08-20,2019,232,541,54,134,174,179
1692,2019-08-21,2019,233,654,78,183,168,225
1693,2019-08-22,2019,234,566,62,146,171,187
1694,2019-08-23,2019,235,479,74,132,127,146
1695,2019-08-24,2019,236,449,53,113,123,160
1696,2019-08-25,2019,237,377,32,115,99,131
1697,2019-08-26,2019,238,435,24,118,144,149
1698,2019-08-27,2019,239,545,50,149,169,177
1699,2019-08-28,2019,240,623,70,148,177,228
1700,2019-08-29,2019,241,565,59,124,176,206
1701,2019-08-30,2019,242,582,116,122,123,221
1702,2019-08-31,2019,243,494,79,138,117,160
1703,2019-09-01,2019,244,419,84,120,83,132
1704,2019-09-02,2019,245,365,33,112,96,124
1705,2019-09-03,2019,246,558,53,148,140,217
1706,2019-09-04,2019,247,693,77,173,181,262
1707,2019-09-05,2019,248,711,88,185,185,253
1708,2019-09-06,2019,249,588,77,129,169,213
1709,2019-09-07,2019,250,497,75,125,127,170
1710,2019-09-08,2019,251,479,48,161,110,160
1711,2019-09-09,2019,252,467,42,132,133,160
1712,2019-09-10,2019,253,637,69,190,173,205
1713,2019-09-11,2019,254,722,70,182,213,257
1714,2019-09-12,2019,255,656,79,142,185,250
1715,2019-09-13,2019,256,605,125,136,140,204
1716,2019-09-14,2019,257,576,46,160,106,264
1717,2019-09-15,2019,258,442,45,151,90,156
1718,2019-09-16,2019,259,488,33,168,143,144
1719,2019-09-17,2019,260,681,68,174,215,224
1720,2019-09-18,2019,261,748,79,170,220,279
1721,2019-09-19,2019,262,723,121,171,201,230
1722,2019-09-20,2019,263,592,89,117,173,213
1723,2019-09-21,2019,264,492,64,128,129,171
1724,2019-09-22,2019,265,424,31,165,84,144
1725,2019-09-23,2019,266,476,28,165,138,145
1726,2019-09-24,2019,267,625,62,169,199,195
1727,2019-09-25,2019,268,630,56,165,191,218
1728,2019-09-26,2019,269,576,82,143,157,194
1729,2019-09-27,2019,270,543,87,129,146,181
1730,2019-09-28,2019,271,418,50,111,101,156
1731,2019-09-29,2019,272,357,30,131,65,131
1732,2019-09-30,2019,273,468,30,120,148,170
1733,2019-10-01,2019,274,678,97,156,185,240
1734,2019-10-02,2019,275,761,69,178,220,294
1735,2019-10-03,2019,276,623,61,143,191,228
1736,2019-10-04,2019,277,391,37,104,99,151
1737,2019-10-05,2019,278,410,70,103,92,145
1738,2019-10-06,2019,279,389,40,135,83,131
1739,2019-10-07,2019,280,576,38,140,148,250
1740,2019-10-08,2019,281,735,102,171,230,232
1741,2019-10-09,2019,282,697,113,177,191,216
1742,2019-10-10,2019,283,784,90,179,187,328
1743,2019-10-11,2019,284,619,110,146,172,191
1744,2019-10-12,2019,285,475,73,128,114,160
1745,2019-10-13,2019,286,410,36,124,106,144
1746,2019-10-14,2019,287,437,33,124,146,134
1747,2019-10-15,2019,288,616,65,138,174,239
1748,2019-10-16,2019,289,628,81,153,181,213
1749,2019-10-17,2019,290,703,93,156,194,260
1750,2019-10-18,2019,291,545,93,132,136,184
1751,2019-10-19,2019,292,460,71,115,133,141
1752,2019-10-20,2019,293,369,40,122,96,111
1753,2019-10-21,2019,294,511,49,162,151,149
1754,2019-10-22,2019,295,638,55,169,182,232
1755,2019-10-23,2019,296,717,87,179,190,261
1756,2019-10-24,2019,297,722,83,180,233,226
1757,2019-10-25,2019,298,607,86,130,185,206
1758,2019-10-26,2019,299,448,74,125,117,132
1759,2019-10-27,2019,300,348,34,114,82,118
1760,2019-10-28,2019,301,465,37,128,137,163
1761,2019-10-29,2019,302,571,73,139,174,185
1762,2019-10-30,2019,303,667,77,149,227,214
1763,2019-10-31,2019,304,469,45,145,119,160
1764,2019-11-01,2019,305,560,133,144,102,181
1765,2019-11-02,2019,306,395,43,109,91,152
1766,2019-11-03,2019,307,417,43,130,99,145
1767,2019-11-04,2019,308,444,40,109,118,177
1768,2019-11-05,2019,309,535,74,116,147,198
1769,2019-11-06,2019,310,737,92,177,194,274
1770,2019-11-07,2019,311,695,93,168,181,253
1771,2019-11-08,2019,312,561,110,127,127,197
1772,2019-11-09,2019,313,426,70,96,105,155
1773,2019-11-10,2019,314,387,45,116,92,134
1774,2019-11-11,2019,315,450,44,144,118,144
1775,2019-11-12,2019,316,505,47,142,139,177
1776,2019-11-13,2019,317,654,65,167,205,217
1777,2019-11-14,2019,318,711,110,154,205,242
1778,2019-11-15,2019,319,564,104,117,137,206
1779,2019-11-16,2019,320,438,60,116,93,169
1780,2019-11-17,2019,321,338,38,98,78,124
1781,2019-11-18,2019,322,473,33,125,149,166
1782,2019-11-19,2019,323,688,64,170,223,231
1783,2019-11-20,2019,324,699,66,186,186,261
1784,2019-11-21,2019,325,736,110,181,189,256
1785,2019-11-22,2019,326,580,96,127,120,237
1786,2019-11-23,2019,327,466,60,116,130,160
1787,2019-11-24,2019,328,356,32,119,93,112
1788,2019-11-25,2019,329,535,33,168,139,195
1789,2019-11-26,2019,330,620,65,191,160,204
1790,2019-11-27,2019,331,530,56,140,147,187
1791,2019-11-28,2019,332,242,23,100,60,59
1792,2019-11-29,2019,333,413,42,105,123,143
1793,2019-11-30,2019,334,391,53,91,107,140
1794,2019-12-01,2019,335,335,40,108,69,118
1795,2019-12-02,2019,336,348,21,112,94,121
1796,2019-12-03,2019,337,611,67,162,176,206
1797,2019-12-04,2019,338,707,61,189,214,243
1798,2019-12-05,2019,339,699,63,174,216,246
1799,2019-12-06,2019,340,582,132,121,150,179
1800,2019-12-07,2019,341,404,66,117,88,133
1801,2019-12-08,2019,342,384,39,126,76,143
1802,2019-12-09,2019,343,388,11,110,134,133
1803,2019-12-10,2019,344,624,42,168,184,230
1804,2019-12-11,2019,345,610,60,156,192,202
1805,2019-12-12,2019,346,600,70,157,156,217
1806,2019-12-13,2019,347,489,93,111,130,155
1807,2019-12-14,2019,348,411,32,113,129,137
1808,2019-12-15,2019,349,399,39,114,102,144
1809,2019-12-16,2019,350,462,19,130,139,174
1810,2019-12-17,2019,351,490,37,130,146,177
1811,2019-12-18,2019,352,521,63,143,153,162
1812,2019-12-19,2019,353,479,61,115,135,168
1813,2019-12-20,2019,354,428,47,99,138,144
1814,2019-12-21,2019,355,399,34,133,106,126
1815,2019-12-22,2019,356,334,25,102,101,106
1816,2019-12-23,2019,357,415,30,136,137,112
1817,2019-12-24,2019,358,236,11,73,91,61
1818,2019-12-25,2019,359,178,8,87,32,51
1819,2019-12-26,2019,360,440,64,111,131,134
1820,2019-12-27,2019,361,444,58,104,120,162
1821,2019-12-28,2019,362,343,46,83,106,108
1822,2019-12-29,2019,363,292,21,127,63,81
1823,2019-12-30,2019,364,326,16,109,90,111
1824,2019-12-31,2019,365,259,22,75,69,93
1825,2020-01-01,2020,1,491,55,187,65,184
1826,2020-01-02,2020,2,640,77,172,157,234
1827,2020-01-03,2020,3,472,76,110,111,175
1828,2020-01-04,2020,4,375,40,91,101,143
1829,2020-01-05,2020,5,353,35,105,91,122
1830,2020-01-06,2020,6,463,32,146,129,156
1831,2020-01-07,2020,7,564,49,143,151,221
1832,2020-01-08,2020,8,605,63,150,158,234
1833,2020-01-09,2020,9,606,74,156,174,202
1834,2020-01-10,2020,10,569,109,132,135,193
1835,2020-01-11,2020,11,437,56,105,134,142
1836,2020-01-12,2020,12,353,47,113,78,115
1837,2020-01-13,2020,13,517,51,142,171,153
1838,2020-01-14,2020,14,664,64,156,192,252
1839,2020-01-15,2020,15,694,102,157,197,238
1840,2020-01-16,2020,16,612,80,153,180,199
1841,2020-01-17,2020,17,523,90,98,154,181
1842,2020-01-18,2020,18,340,47,86,92,115
1843,2020-01-19,2020,19,343,33,96,104,110
1844,2020-01-20,2020,20,455,46,127,153,129
1845,2020-01-21,2020,21,609,58,145,205,201
1846,2020-01-22,2020,22,672,64,180,180,248
1847,2020-01-23,2020,23,634,86,139,171,238
1848,2020-01-24,2020,24,525,99,119,133,174
1849,2020-01-25,2020,25,389,36,92,102,159
1850,2020-01-26,2020,26,374,43,121,71,139
1851,2020-01-27,2020,27,450,36,118,127,169
1852,2020-01-28,2020,28,604,44,159,173,228
1853,2020-01-29,2020,29,661,76,182,162,241
1854,2020-01-30,2020,30,669,66,160,194,249
1855,2020-01-31,2020,31,508,85,132,113,178
1856,2020-02-01,2020,32,459,84,109,83,183
1857,2020-02-02,2020,33,349,34,117,78,120
1858,2020-02-03,2020,34,478,64,141,111,162
1859,2020-02-04,2020,35,656,90,162,176,228
1860,2020-02-05,2020,36,756,110,164,228,254
1861,2020-02-06,2020,37,642,102,148,185,207
1862,2020-02-07,2020,38,540,78,115,140,207
1863,2020-02-08,2020,39,433,74,106,101,152
1864,2020-02-09,2020,40,413,43,148,98,124
1865,2020-02-10,2020,41,440,27,154,115,144
1866,2020-02-11,2020,42,585,61,143,189,192
1867,2020-02-12,2020,43,699,92,145,215,247
1868,2020-02-13,2020,44,603,71,139,180,213
1869,2020-02-14,2020,45,516,80,118,148,170
1870,2020-02-15,2020,46,432,54,118,97,163
1871,2020-02-16,2020,47,369,36,116,92,125
1872,2020-02-17,2020,48,534,44,146,160,184
1873,2020-02-18,2020,49,687,83,148,173,283
1874,2020-02-19,2020,50,618,86,138,151,243
1875,2020-02-20,2020,51,604,71,148,162,223
1876,2020-02-21,2020,52,543,75,113,166,189
1877,2020-02-22,2020,53,421,64,103,104,150
1878,2020-02-23,2020,54,411,48,144,87,132
1879,2020-02-24,2020,55,503,40,138,150,175
1880,2020-02-25,2020,56,546,48,144,155,199
1881,2020-02-26,2020,57,730,63,161,195,311
1882,2020-02-27,2020,58,560,69,131,165,195
1883,2020-02-28,2020,59,530,91,119,133,187
1884,2020-02-29,2020,60,415,75,102,88,150
1885,2020-03-01,2020,61,407,41,127,112,127
1886,2020-03-02,2020,62,531,47,156,173,155
1887,2020-03-03,2020,63,619,72,161,187,199
1888,2020-03-04,2020,64,772,103,168,232,269
1889,2020-03-05,2020,65,704,82,178,215,229
1890,2020-03-06,2020,66,550,91,111,165,183
1891,2020-03-07,2020,67,498,65,126,121,186
1892,2020-03-08,2020,68,400,31,140,99,130
1893,2020-03-09,2020,69,424,47,109,107,161
1894,2020-03-10,2020,70,745,71,181,248,245
1895,2020-03-11,2020,71,719,83,204,221,211
1896,2020-03-12,2020,72,671,83,171,213,204
1897,2020-03-13,2020,73,602,81,156,135,230
1898,2020-03-14,2020,74,491,48,134,121,188
1899,2020-03-15,2020,75,392,56,117,94,125
1900,2020-03-16,2020,76,327,34,114,76,103
1901,2020-03-17,2020,77,367,34,121,99,113
1902,2020-03-18,2020,78,482,57,100,164,161
1903,2020-03-19,2020,79,414,44,125,117,128
1904,2020-03-20,2020,80,364,53,102,90,119
1905,2020-03-21,2020,81,327,34,100,81,112
1906,2020-03-22,2020,82,225,9,84,57,75
1907,2020-03-23,2020,83,185,8,70,55,52
1908,2020-03-24,2020,84,288,21,86,85,96
1909,2020-03-25,2020,85,328,29,101,108,90
1910,2020-03-26,2020,86,272,17,69,75,111
1911,2020-03-27,2020,87,290,34,93,69,94
1912,2020-03-28,2020,88,198,12,74,43,69
1913,2020-03-29,2020,89,152,12,61,38,41
1914,2020-03-30,2020,90,204,3,79,56,66
1915,2020-03-31,2020,91,231,6,89,68,68
1916,2020-04-01,2020,92,265,20,102,85,58
1917,2020-04-02,2020,93,245,22,81,73,69
1918,2020-04-03,2020,94,202,19,82,54,47
1919,2020-04-04,2020,95,175,14,71,41,49
1920,2020-04-05,2020,96,170,10,65,40,55
1921,2020-04-06,2020,97,168,2,69,38,59
1922,2020-04-07,2020,98,262,31,73,65,93
1923,2020-04-08,2020,99,296,19,93,92,92
1924,2020-04-09,2020,100,285,22,82,89,92
1925,2020-04-10,2020,101,218,9,58,67,84
1926,2020-04-11,2020,102,200,14,79,42,65
1927,2020-04-12,2020,103,196,11,73,30,82
1928,2020-04-13,2020,104,187,4,82,46,55
1929,2020-04-14,2020,105,255,14,69,98,74
1930,2020-04-15,2020,106,320,22,99,101,98
1931,2020-04-16,2020,107,301,27,76,90,108
1932,2020-04-17,2020,108,284,19,65,94,106
1933,2020-04-18,2020,109,223,13,70,65,75
1934,2020-04-19,2020,110,234,9,89,58,78
1935,2020-04-20,2020,111,277,8,98,95,76
1936,2020-04-21,2020,112,302,16,96,103,87
1937,2020-04-22,2020,113,388,28,120,106,134
1938,2020-04-23,2020,114,387,44,103,115,125
1939,2020-04-24,2020,115,334,30,92,120,92
1940,2020-04-25,2020,116,328,26,96,96,110
1941,2020-04-26,2020,117,237,14,104,52,67
1942,2020-04-27,2020,118,280,15,86,94,85
1943,2020-04-28,2020,119,438,32,119,126,161
1944,2020-04-29,2020,120,419,48,109,129,133
1945,2020-04-30,2020,121,419,37,97,164,121
1946,2020-05-01,2020,122,383,46,120,102,115
1947,2020-05-02,2020,123,414,36,106,94,178
1948,2020-05-03,2020,124,322,34,99,76,113
1949,2020-05-04,2020,125,359,24,127,101,107
1950,2020-05-05,2020,126,479,51,128,154,146
1951,2020-05-06,2020,127,438,50,133,112,143
1952,2020-05-07,2020,128,522,53,135,148,186
1953,2020-05-08,2020,129,381,34,119,130,98
1954,2020-05-09,2020,130,271,19,103,63,86
1955,2020-05-10,2020,131,265,11,106,72,76
1956,2020-05-11,2020,132,366,22,129,102,113
1957,2020-05-12,2020,133,560,74,140,169,177
1958,2020-05-13,2020,134,553,61,156,162,174
1959,2020-05-14,2020,135,599,93,148,183,175
1960,2020-05-15,2020,136,469,70,129,99,171
1961,2020-05-16,2020,137,344,44,122,79,99
1962,2020-05-17,2020,138,353,20,108,89,136
1963,2020-05-18,2020,139,361,35,111,106,109
1964,2020-05-19,2020,140,582,78,147,156,201
1965,2020-05-20,2020,141,543,68,153,141,181
1966,2020-05-21,2020,142,545,86,141,143,175
1967,2020-05-22,2020,143,539,90,121,123,205
1968,2020-05-23,2020,144,367,60,86,74,147
1969,2020-05-24,2020,145,310,35,89,62,124
1970,2020-05-25,2020,146,364,30,110,92,132
1971,2020-05-26,2020,147,549,71,148,130,200
1972,2020-05-27,2020,148,625,75,139,196,215
1973,2020-05-28,2020,149,575,73,149,149,204
1974,2020-05-29,2020,150,472,59,109,98,206
1975,2020-05-30,2020,151,365,9,103,87,166
1976,2020-05-31,2020,152,306,16,113,77,100
1977,2020-06-01,2020,153,783,6,103,432,242
1978,2020-06-02,2020,154,595,12,82,343,158
1979,2020-06-03,2020,155,264,20,60,87,97
1980,2020-06-04,2020,156,345,12,89,57,187
1981,2020-06-05,2020,157,198,15,64,48,71
1982,2020-06-06,2020,158,212,17,83,45,67
1983,2020-06-07,2020,159,254,15,98,60,81
1984,2020-06-08,2020,160,234,12,85,53,84
1985,2020-06-09,2020,161,249,9,101,54,85
1986,2020-06-10,2020,162,231,11,74,64,82
1987,2020-06-11,2020,163,275,13,115,68,79
1988,2020-06-12,2020,164,220,18,77,52,73
1989,2020-06-13,2020,165,228,13,83,53,79
1990,2020-06-14,2020,166,221,23,77,44,77
1991,2020-06-15,2020,167,243,11,119,50,63
1992,2020-06-16,2020,168,279,15,120,77,67
1993,2020-06-17,2020,169,267,12,102,64,89
1994,2020-06-18,2020,170,266,6,107,91,62
1995,2020-06-19,2020,171,206,6,80,60,60
1996,2020-06-20,2020,172,163,14,72,37,40
1997,2020-06-21,2020,173,151,6,86,16,43
1998,2020-06-22,2020,174,238,8,119,57,54
1999,2020-06-23,2020,175,262,11,115,62,74
2000,2020-06-24,2020,176,324,13,122,71,118
2001,2020-06-25,2020,177,295,4,132,62,97
2002,2020-06-26,2020,178,212,11,96,52,53
2003,2020-06-27,2020,179,175,5,91,36,43
2004,2020-06-28,2020,180,188,12,77,36,63
2005,2020-06-29,2020,181,228,5,106,54,63
2006,2020-06-30,2020,182,277,3,124,64,86
2007,2020-07-01,2020,183,298,8,119,68,103
2008,2020-07-02,2020,184,235,5,93,62,75
2009,2020-07-03,2020,185,204,10,81,47,66
2010,2020-07-04,2020,186,158,11,68,32,47
2011,2020-07-05,2020,187,187,7,102,34,44
2012,2020-07-06,2020,188,185,6,84,34,61
2013,2020-07-07,2020,189,237,9,108,56,64
2014,2020-07-08,2020,190,261,15,98,69,79
2015,2020-07-09,2020,191,254,11,108,78,57
2016,2020-07-10,2020,192,200,7,88,43,62
2017,2020-07-11,2020,193,160,11,75,35,39
2018,2020-07-12,2020,194,185,8,90,34,53
2019,2020-07-13,2020,195,195,7,94,34,60
2020,2020-07-14,2020,196,333,13,121,103,96
2021,2020-07-15,2020,197,288,7,111,75,95
2022,2020-07-16,2020,198,259,9,108,76,66
2023,2020-07-17,2020,199,249,20,104,61,64
2024,2020-07-18,2020,200,167,7,68,44,48
2025,2020-07-19,2020,201,163,11,77,42,33
2026,2020-07-20,2020,202,229,7,103,64,55
2027,2020-07-21,2020,203,323,5,120,116,82
2028,2020-07-22,2020,204,350,22,117,122,89
2029,2020-07-23,2020,205,310,13,130,71,96
2030,2020-07-24,2020,206,285,17,109,83,76
2031,2020-07-25,2020,207,181,15,59,45,62
2032,2020-07-26,2020,208,181,8,79,34,60
2033,2020-07-27,2020,209,218,6,105,55,52
2034,2020-07-28,2020,210,376,10,123,129,114
2035,2020-07-29,2020,211,321,13,134,71,103
2036,2020-07-30,2020,212,260,17,106,62,75
2037,2020-07-31,2020,213,209,18,83,45,63
2038,2020-08-01,2020,214,254,28,108,60,58
2039,2020-08-02,2020,215,235,11,115,44,65
2040,2020-08-03,2020,216,289,14,126,67,82
2041,2020-08-04,2020,217,284,15,98,87,84
2042,2020-08-05,2020,218,423,47,125,150,101
2043,2020-08-06,2020,219,393,40,123,122,108
2044,2020-08-07,2020,220,347,48,122,72,105
2045,2020-08-08,2020,221,246,25,70,79,72
2046,2020-08-09,2020,222,211,12,86,47,66
2047,2020-08-10,2020,223,304,29,114,75,86
2048,2020-08-11,2020,224,384,23,122,105,134
2049,2020-08-12,2020,225,423,49,138,111,125
2050,2020-08-13,2020,226,413,29,141,126,117
2051,2020-08-14,2020,227,332,59,87,82,104
2052,2020-08-15,2020,228,238,27,92,42,77
2053,2020-08-16,2020,229,206,21,79,40,66
2054,2020-08-17,2020,230,305,19,97,100,89
2055,2020-08-18,2020,231,413,38,151,96,128
2056,2020-08-19,2020,232,431,39,130,113,149
2057,2020-08-20,2020,233,371,51,106,106,108
2058,2020-08-21,2020,234,362,62,107,82,111
2059,2020-08-22,2020,235,257,39,94,51,73
2060,2020-08-23,2020,236,221,27,98,37,59
2061,2020-08-24,2020,237,279,9,119,83,68
2062,2020-08-25,2020,238,353,34,116,98,105
2063,2020-08-26,2020,239,425,45,145,98,137
2064,2020-08-27,2020,240,350,26,108,111,105
2065,2020-08-28,2020,241,296,41,85,70,100
2066,2020-08-29,2020,242,271,24,109,54,84
2067,2020-08-30,2020,243,237,13,95,58,71
2068,2020-08-31,2020,244,275,25,102,69,79
2069,2020-09-01,2020,245,470,37,152,127,154
2070,2020-09-02,2020,246,498,57,142,133,166
2071,2020-09-03,2020,247,471,40,145,145,141
2072,2020-09-04,2020,248,370,64,95,91,120
2073,2020-09-05,2020,249,355,41,110,66,138
2074,2020-09-06,2020,250,284,31,96,57,100
2075,2020-09-07,2020,251,287,23,91,66,107
2076,2020-09-08,2020,252,433,38,151,91,153
2077,2020-09-09,2020,253,465,47,145,140,133
2078,2020-09-10,2020,254,428,36,123,114,155
2079,2020-09-11,2020,255,378,52,99,103,124
2080,2020-09-12,2020,256,329,46,97,66,120
2081,2020-09-13,2020,257,287,28,113,57,89
2082,2020-09-14,2020,258,334,34,103,84,113
2083,2020-09-15,2020,259,437,37,122,150,128
2084,2020-09-16,2020,260,448,54,133,121,140
2085,2020-09-17,2020,261,470,34,145,118,173
2086,2020-09-18,2020,262,360,64,103,94,99
2087,2020-09-19,2020,263,278,32,81,57,108
2088,2020-09-20,2020,264,240,17,97,56,70
2089,2020-09-21,2020,265,321,27,94,86,114
2090,2020-09-22,2020,266,375,35,111,94,135
2091,2020-09-23,2020,267,455,47,113,105,190
2092,2020-09-24,2020,268,415,15,143,116,141
2093,2020-09-25,2020,269,329,46,113,62,108
2094,2020-09-26,2020,270,398,62,120,100,116
2095,2020-09-27,2020,271,306,35,121,58,92
2096,2020-09-28,2020,272,312,11,119,79,103
2097,2020-09-29,2020,273,347,28,115,73,131
2098,2020-09-30,2020,274,424,43,103,97,181
2099,2020-10-01,2020,275,613,79,192,142,200
2100,2020-10-02,2020,276,461,68,128,112,153
2101,2020-10-03,2020,277,311,45,89,54,123
2102,2020-10-04,2020,278,283,33,92,62,96
2103,2020-10-05,2020,279,369,16,127,104,122
2104,2020-10-06,2020,280,476,52,138,115,171
2105,2020-10-07,2020,281,512,80,137,122,173
2106,2020-10-08,2020,282,614,70,133,189,222
2107,2020-10-09,2020,283,366,73,102,84,107
2108,2020-10-10,2020,284,380,64,107,86,123
2109,2020-10-11,2020,285,337,23,124,70,120
2110,2020-10-12,2020,286,301,23,120,85,73
2111,2020-10-13,2020,287,483,47,150,140,146
2112,2020-10-14,2020,288,565,75,158,137,195
2113,2020-10-15,2020,289,562,54,130,201,177
2114,2020-10-16,2020,290,375,52,122,101,100
2115,2020-10-17,2020,291,348,41,113,66,128
2116,2020-10-18,2020,292,275,22,107,61,85
2117,2020-10-19,2020,293,410,33,118,115,144
2118,2020-10-20,2020,294,521,55,142,140,184
2119,2020-10-21,2020,295,542,68,136,130,208
2120,2020-10-22,2020,296,533,51,159,126,197
2121,2020-10-23,2020,297,419,62,130,88,139
2122,2020-10-24,2020,298,319,27,114,50,128
2123,2020-10-25,2020,299,278,20,89,55,114
2124,2020-10-26,2020,300,298,14,92,73,119
2125,2020-10-27,2020,301,512,35,144,149,184
2126,2020-10-28,2020,302,566,33,116,236,181
2127,2020-10-29,2020,303,386,34,120,102,130
2128,2020-10-30,2020,304,303,33,83,56,131
2129,2020-10-31,2020,305,309,39,109,49,112
2130,2020-11-01,2020,306,329,23,113,55,138
2131,2020-11-02,2020,307,358,14,115,105,124
2132,2020-11-03,2020,308,253,7,74,80,92
2133,2020-11-04,2020,309,420,38,136,89,157
2134,2020-11-05,2020,310,418,37,133,89,159
2135,2020-11-06,2020,311,384,33,94,97,160
2136,2020-11-07,2020,312,364,21,122,88,133
2137,2020-11-08,2020,313,318,34,87,97,100
2138,2020-11-09,2020,314,295,17,102,73,103
2139,2020-11-10,2020,315,477,51,147,127,152
2140,2020-11-11,2020,316,428,47,115,128,138
2141,2020-11-12,2020,317,522,58,136,171,157
2142,2020-11-13,2020,318,382,62,95,80,145
2143,2020-11-14,2020,319,359,37,101,76,145
2144,2020-11-15,2020,320,301,18,99,64,120
2145,2020-11-16,2020,321,375,30,99,123,123
2146,2020-11-17,2020,322,504,42,140,144,178
2147,2020-11-18,2020,323,528,74,131,128,195
2148,2020-11-19,2020,324,472,46,119,121,186
2149,2020-11-20,2020,325,458,80,105,79,194
2150,2020-11-21,2020,326,375,41,109,75,150
2151,2020-11-22,2020,327,351,31,99,91,130
2152,2020-11-23,2020,328,379,25,115,125,114
2153,2020-11-24,2020,329,504,50,118,154,182
2154,2020-11-25,2020,330,411,42,119,94,156
2155,2020-11-26,2020,331,177,17,83,25,52
2156,2020-11-27,2020,332,343,39,110,77,117
2157,2020-11-28,2020,333,381,31,120,64,166
2158,2020-11-29,2020,334,301,20,121,50,110
2159,2020-11-30,2020,335,300,18,119,67,96
2160,2020-12-01,2020,336,557,65,144,150,198
2161,2020-12-02,2020,337,578,62,127,157,232
2162,2020-12-03,2020,338,599,71,148,154,226
2163,2020-12-04,2020,339,479,71,127,111,170
2164,2020-12-05,2020,340,358,42,104,82,130
2165,2020-12-06,2020,341,319,14,112,66,127
2166,2020-12-07,2020,342,394,26,107,109,152
2167,2020-12-08,2020,343,504,66,133,113,192
2168,2020-12-09,2020,344,532,56,159,116,201
2169,2020-12-10,2020,345,594,67,140,137,250
2170,2020-12-11,2020,346,484,84,112,111,177
2171,2020-12-12,2020,347,453,42,128,121,162
2172,2020-12-13,2020,348,347,22,128,77,120
2173,2020-12-14,2020,349,336,14,112,91,119
2174,2020-12-15,2020,350,532,82,126,167,157
2175,2020-12-16,2020,351,349,27,123,94,105
2176,2020-12-17,2020,352,235,19,80,57,79
2177,2020-12-18,2020,353,362,50,97,100,115
2178,2020-12-19,2020,354,367,39,127,74,127
2179,2020-12-20,2020,355,332,35,151,62,84
2180,2020-12-21,2020,356,366,29,107,93,137
2181,2020-12-22,2020,357,441,20,128,145,148
2182,2020-12-23,2020,358,415,30,121,127,137
2183,2020-12-24,2020,359,195,16,82,40,57
2184,2020-12-25,2020,360,179,14,86,25,54
2185,2020-12-26,2020,361,315,13,116,81,105
2186,2020-12-27,2020,362,312,16,112,51,133
2187,2020-12-28,2020,363,385,21,112,104,148
2188,2020-12-29,2020,364,408,42,90,129,147
2189,2020-12-30,2020,365,477,37,122,126,192
2190,2020-12-31,2020,366,341,27,98,92,124
2191,2021-01-01,2021,1,442,57,164,64,157
2192,2021-01-02,2021,2,386,43,111,82,150
2193,2021-01-03,2021,3,307,20,101,57,129
2194,2021-01-04,2021,4,359,17,120,72,150
2195,2021-01-05,2021,5,592,69,170,157,196
2196,2021-01-06,2021,6,634,74,175,155,230
2197,2021-01-07,2021,7,533,73,133,117,210
2198,2021-01-08,2021,8,495,76,117,108,194
2199,2021-01-09,2021,9,350,52,105,54,139
2200,2021-01-10,2021,10,287,19,93,52,123
2201,2021-01-11,2021,11,376,25,103,105,143
2202,2021-01-12,2021,12,506,58,148,130,170
2203,2021-01-13,2021,13,544,75,121,142,206
2204,2021-01-14,2021,14,507,77,119,122,189
2205,2021-01-15,2021,15,508,47,133,134,194
2206,2021-01-16,2021,16,400,54,95,76,175
2207,2021-01-17,2021,17,292,25,103,52,112
2208,2021-01-18,2021,18,381,20,111,108,142
2209,2021-01-19,2021,19,515,51,134,123,207
2210,2021-01-20,2021,20,560,64,138,138,220
2211,2021-01-21,2021,21,551,66,134,127,224
2212,2021-01-22,2021,22,534,67,110,142,215
2213,2021-01-23,2021,23,376,30,100,70,176
2214,2021-01-24,2021,24,328,33,109,64,122
2215,2021-01-25,2021,25,338,22,98,79,139
2216,2021-01-26,2021,26,431,39,122,116,154
2217,2021-01-27,2021,27,559,81,132,134,212
2218,2021-01-28,2021,28,465,67,110,111,177
2219,2021-01-29,2021,29,358,54,89,69,146
2220,2021-01-30,2021,30,289,40,91,51,107
2221,2021-01-31,2021,31,303,15,104,42,142
2222,2021-02-01,2021,32,139,4,77,26,32
2223,2021-02-02,2021,33,272,34,92,60,86
2224,2021-02-03,2021,34,532,55,163,117,197
2225,2021-02-04,2021,35,616,82,144,139,251
2226,2021-02-05,2021,36,471,71,117,97,186
2227,2021-02-06,2021,37,385,43,105,62,175
2228,2021-02-07,2021,38,271,22,110,41,98
2229,2021-02-08,2021,39,359,30,121,84,124
2230,2021-02-09,2021,40,498,38,136,135,189
2231,2021-02-10,2021,41,539,67,124,135,213
2232,2021-02-11,2021,42,507,69,119,118,201
2233,2021-02-12,2021,43,499,74,124,108,193
2234,2021-02-13,2021,44,331,46,101,64,120
2235,2021-02-14,2021,45,256,20,94,52,90
2236,2021-02-15,2021,46,295,23,88,91,93
2237,2021-02-16,2021,47,504,47,162,136,159
2238,2021-02-17,2021,48,583,65,135,181,202
2239,2021-02-18,2021,49,331,10,106,90,125
2240,2021-02-19,2021,50,415,62,113,94,146
2241,2021-02-20,2021,51,387,49,94,81,163
2242,2021-02-21,2021,52,306,27,109,50,120
2243,2021-02-22,2021,53,371,21,122,122,106
2244,2021-02-23,2021,54,499,55,139,116,189
2245,2021-02-24,2021,55,573,87,160,134,192
2246,2021-02-25,2021,56,580,74,132,124,250
2247,2021-02-26,2021,57,464,60,112,112,180
2248,2021-02-27,2021,58,317,36,93,57,131
2249,2021-02-28,2021,59,353,24,120,78,131
2250,2021-03-01,2021,60,417,39,149,108,121
2251,2021-03-02,2021,61,571,54,141,156,220
2252,2021-03-03,2021,62,592,80,148,127,237
2253,2021-03-04,2021,63,570,64,144,141,221
2254,2021-03-05,2021,64,534,81,148,105,200
2255,2021-03-06,2021,65,397,62,98,70,167
2256,2021-03-07,2021,66,369,34,128,62,145
2257,2021-03-08,2021,67,411,23,139,106,143
2258,2021-03-09,2021,68,567,82,151,141,193
2259,2021-03-10,2021,69,629,71,161,168,229
2260,2021-03-11,2021,70,573,81,119,154,219
2261,2021-03-12,2021,71,546,72,140,106,228
2262,2021-03-13,2021,72,396,44,142,73,137
2263,2021-03-14,2021,73,337,33,112,75,117
2264,2021-03-15,2021,74,372,27,108,84,153
2265,2021-03-16,2021,75,542,51,157,135,199
2266,2021-03-17,2021,76,546,51,167,113,215
2267,2021-03-18,2021,77,515,47,148,136,184
2268,2021-03-19,2021,78,428,57,95,96,180
2269,2021-03-20,2021,79,387,42,118,60,167
2270,2021-03-21,2021,80,352,34,131,64,123
2271,2021-03-22,2021,81,413,33,141,86,153
2272,2021-03-23,2021,82,522,66,149,124,183
2273,2021-03-24,2021,83,486,55,146,101,184
2274,2021-03-25,2021,84,488,82,120,140,146
2275,2021-03-26,2021,85,402,55,112,83,152
2276,2021-03-27,2021,86,299,24,117,69,89
2277,2021-03-28,2021,87,258,21,114,39,84
2278,2021-03-29,2021,88,306,22,110,56,118
2279,2021-03-30,2021,89,424,35,127,112,150
2280,2021-03-31,2021,90,331,21,121,70,119
2281,2021-04-01,2021,91,490,65,163,127,135
2282,2021-04-02,2021,92,358,38,103,82,135
2283,2021-04-03,2021,93,249,18,102,48,81
2284,2021-04-04,2021,94,242,15,112,31,84
2285,2021-04-05,2021,95,304,24,104,80,96
2286,2021-04-06,2021,96,424,20,139,94,171
2287,2021-04-07,2021,97,538,46,130,130,232
2288,2021-04-08,2021,98,477,44,138,126,169
2289,2021-04-09,2021,99,362,35,87,87,153
2290,2021-04-10,2021,100,347,30,119,81,117
2291,2021-04-11,2021,101,268,29,98,55,86
2292,2021-04-12,2021,102,291,9,115,66,101
2293,2021-04-13,2021,103,464,21,165,127,151
2294,2021-04-14,2021,104,485,44,131,127,183
2295,2021-04-15,2021,105,371,24,109,76,162
2296,2021-04-16,2021,106,320,22,107,67,124
2297,2021-04-17,2021,107,256,23,68,64,101
2298,2021-04-18,2021,108,242,13,84,47,98
2299,2021-04-19,2021,109,310,10,128,67,105
2300,2021-04-20,2021,110,363,7,120,102,134
2301,2021-04-21,2021,111,391,19,116,111,145
2302,2021-04-22,2021,112,342,23,109,94,116
2303,2021-04-23,2021,113,278,22,92,63,101
2304,2021-04-24,2021,114,273,19,94,56,104
2305,2021-04-25,2021,115,256,10,108,46,92
2306,2021-04-26,2021,116,230,6,102,45,77
2307,2021-04-27,2021,117,397,29,130,102,136
2308,2021-04-28,2021,118,415,31,142,111,131
2309,2021-04-29,2021,119,398,19,140,81,158
2310,2021-04-30,2021,120,283,18,91,76,98
2311,2021-05-01,2021,121,263,13,107,53,90
2312,2021-05-02,2021,122,245,15,105,54,71
2313,2021-05-03,2021,123,343,6,131,98,108
2314,2021-05-04,2021,124,322,13,116,83,110
2315,2021-05-05,2021,125,518,37,152,138,191
2316,2021-05-06,2021,126,459,43,137,104,175
2317,2021-05-07,2021,127,403,40,109,100,154
2318,2021-05-08,2021,128,319,25,96,69,129
2319,2021-05-09,2021,129,261,19,91,64,87
2320,2021-05-10,2021,130,380,9,153,82,136
2321,2021-05-11,2021,131,508,27,155,130,196
2322,2021-05-12,2021,132,497,45,147,131,174
2323,2021-05-13,2021,133,472,44,136,105,187
2324,2021-05-14,2021,134,371,31,109,97,134
2325,2021-05-15,2021,135,332,26,105,76,125
2326,2021-05-16,2021,136,317,14,137,70,96
2327,2021-05-17,2021,137,316,9,122,63,122
2328,2021-05-18,2021,138,497,34,151,127,185
2329,2021-05-19,2021,139,562,47,168,125,222
2330,2021-05-20,2021,140,494,37,154,115,188
2331,2021-05-21,2021,141,416,36,129,102,149
2332,2021-05-22,2021,142,354,26,118,78,132
2333,2021-05-23,2021,143,313,14,127,53,119
2334,2021-05-24,2021,144,365,11,137,99,118
2335,2021-05-25,2021,145,514,28,149,143,194
2336,2021-05-26,2021,146,464,31,171,110,152
2337,2021-05-27,2021,147,417,37,144,83,153
2338,2021-05-28,2021,148,331,30,118,84,99
2339,2021-05-29,2021,149,238,28,82,32,96
2340,2021-05-30,2021,150,233,30,82,42,79
2341,2021-05-31,2021,151,298,14,94,76,114
2342,2021-06-01,2021,152,538,44,165,141,188
2343,2021-06-02,2021,153,565,45,133,137,250
2344,2021-06-03,2021,154,558,94,170,125,169
2345,2021-06-04,2021,155,405,35,117,106,147
2346,2021-06-05,2021,156,333,31,113,44,145
2347,2021-06-06,2021,157,332,18,138,61,115
2348,2021-06-07,2021,158,374,17,168,54,135
2349,2021-06-08,2021,159,507,29,144,148,186
2350,2021-06-09,2021,160,614,56,174,134,250
2351,2021-06-10,2021,161,617,75,165,156,221
2352,2021-06-11,2021,162,370,25,123,78,144
2353,2021-06-12,2021,163,327,27,104,66,130
2354,2021-06-13,2021,164,294,23,129,56,86
2355,2021-06-14,2021,165,386,13,158,90,125
2356,2021-06-15,2021,166,450,28,133,114,175
2357,2021-06-16,2021,167,582,38,165,163,216
2358,2021-06-17,2021,168,572,91,139,136,206
2359,2021-06-18,2021,169,453,32,147,108,166
2360,2021-06-19,2021,170,340,16,105,72,147
2361,2021-06-20,2021,171,290,18,107,53,112
2362,2021-06-21,2021,172,379,29,140,89,121
2363,2021-06-22,2021,173,378,25,118,103,132
2364,2021-06-23,2021,174,542,63,171,113,195
2365,2021-06-24,2021,175,492,53,171,96,172
2366,2021-06-25,2021,176,371,32,120,85,134
2367,2021-06-26,2021,177,330,32,117,73,108
2368,2021-06-27,2021,178,248,20,87,54,87
2369,2021-06-28,2021,179,284,11,117,67,89
2370,2021-06-29,2021,180,455,31,148,117,159
2371,2021-06-30,2021,181,464,50,139,115,160
2372,2021-07-01,2021,182,534,59,177,123,175
2373,2021-07-02,2021,183,414,30,141,98,145
2374,2021-07-03,2021,184,364,34,112,111,107
2375,2021-07-04,2021,185,254,18,89,35,112
2376,2021-07-05,2021,186,353,21,129,80,123
2377,2021-07-06,2021,187,464,26,162,120,156
2378,2021-07-07,2021,188,496,43,151,97,205
2379,2021-07-08,2021,189,581,66,172,164,179
2380,2021-07-09,2021,190,387,23,123,91,150
2381,2021-07-10,2021,191,339,30,133,61,115
2382,2021-07-11,2021,192,306,16,118,54,118
2383,2021-07-12,2021,193,402,20,164,108,110
2384,2021-07-13,2021,194,522,30,163,156,173
2385,2021-07-14,2021,195,632,40,176,175,241
2386,2021-07-15,2021,196,531,64,167,109,191
2387,2021-07-16,2021,197,427,38,136,107,146
2388,2021-07-17,2021,198,341,20,116,78,127
2389,2021-07-18,2021,199,333,12,96,83,142
2390,2021-07-19,2021,200,401,28,132,109,132
2391,2021-07-20,2021,201,525,28,175,135,187
2392,2021-07-21,2021,202,552,37,164,138,213
2393,2021-07-22,2021,203,627,74,177,151,225
2394,2021-07-23,2021,204,425,30,129,110,156
2395,2021-07-24,2021,205,408,23,141,70,174
2396,2021-07-25,2021,206,365,12,148,81,124
2397,2021-07-26,2021,207,402,19,144,94,145
2398,2021-07-27,2021,208,476,29,150,136,161
2399,2021-07-28,2021,209,506,40,150,105,211
2400,2021-07-29,2021,210,529,62,158,141,168
2401,2021-07-30,2021,211,321,26,102,64,129
2402,2021-07-31,2021,212,344,11,125,77,131
2403,2021-08-01,2021,213,322,19,138,75,90
2404,2021-08-02,2021,214,368,30,119,80,139
2405,2021-08-03,2021,215,478,26,148,157,147
2406,2021-08-04,2021,216,596,42,192,140,222
2407,2021-08-05,2021,217,557,93,148,122,194
2408,2021-08-06,2021,218,461,34,141,107,179
2409,2021-08-07,2021,219,378,26,120,72,160
2410,2021-08-08,2021,220,315,22,100,74,119
2411,2021-08-09,2021,221,424,24,146,112,142
2412,2021-08-10,2021,222,557,31,201,132,193
2413,2021-08-11,2021,223,566,38,158,140,230
2414,2021-08-12,2021,224,557,72,153,151,181
2415,2021-08-13,2021,225,488,41,142,124,181
2416,2021-08-14,2021,226,407,21,139,103,144
2417,2021-08-15,2021,227,347,18,118,82,129
2418,2021-08-16,2021,228,354,24,122,80,128
2419,2021-08-17,2021,229,547,35,179,124,209
2420,2021-08-18,2021,230,543,51,170,121,201
2421,2021-08-19,2021,231,620,61,164,167,228
2422,2021-08-20,2021,232,430,27,138,111,154
2423,2021-08-21,2021,233,319,19,122,70,108
2424,2021-08-22,2021,234,281,22,137,42,80
2425,2021-08-23,2021,235,342,15,145,80,102
2426,2021-08-24,2021,236,508,46,148,140,174
2427,2021-08-25,2021,237,556,53,165,133,205
2428,2021-08-26,2021,238,529,49,143,127,210
2429,2021-08-27,2021,239,376,24,126,91,135
2430,2021-08-28,2021,240,340,21,111,72,136
2431,2021-08-29,2021,241,368,26,132,78,132
2432,2021-08-30,2021,242,362,25,128,106,103
2433,2021-08-31,2021,243,449,30,144,100,175
2434,2021-09-01,2021,244,515,30,160,138,187
2435,2021-09-02,2021,245,419,56,131,103,129
2436,2021-09-03,2021,246,428,34,121,123,150
2437,2021-09-04,2021,247,370,53,126,78,113
2438,2021-09-05,2021,248,339,21,118,64,136
2439,2021-09-06,2021,249,318,16,108,92,102
2440,2021-09-07,2021,250,509,39,140,119,211
2441,2021-09-08,2021,251,575,49,171,169,186
2442,2021-09-09,2021,252,460,44,157,110,149
2443,2021-09-10,2021,253,424,25,134,111,154
2444,2021-09-11,2021,254,344,28,115,67,134
2445,2021-09-12,2021,255,361,19,147,83,112
2446,2021-09-13,2021,256,389,32,151,89,117
2447,2021-09-14,2021,257,513,32,175,111,195
2448,2021-09-15,2021,258,588,54,169,152,213
2449,2021-09-16,2021,259,583,62,173,159,189
2450,2021-09-17,2021,260,504,55,138,119,192
2451,2021-09-18,2021,261,402,37,120,93,152
2452,2021-09-19,2021,262,350,11,137,82,120
2453,2021-09-20,2021,263,368,14,124,90,140
2454,2021-09-21,2021,264,701,46,191,203,261
2455,2021-09-22,2021,265,528,53,161,122,192
2456,2021-09-23,2021,266,472,45,147,117,163
2457,2021-09-24,2021,267,455,28,141,106,180
2458,2021-09-25,2021,268,378,31,140,75,132
2459,2021-09-26,2021,269,346,22,120,96,108
2460,2021-09-27,2021,270,482,27,137,143,175
2461,2021-09-28,2021,271,521,34,172,154,161
2462,2021-09-29,2021,272,578,47,182,138,211
2463,2021-09-30,2021,273,536,39,139,197,161
2464,2021-10-01,2021,274,460,55,149,100,156
2465,2021-10-02,2021,275,379,30,97,91,161
2466,2021-10-03,2021,276,367,22,136,68,141
2467,2021-10-04,2021,277,464,27,177,137,123
2468,2021-10-05,2021,278,571,29,195,155,192
2469,2021-10-06,2021,279,640,55,185,167,233
2470,2021-10-07,2021,280,597,72,171,168,186
2471,2021-10-08,2021,281,470,32,156,141,141
2472,2021-10-09,2021,282,415,21,113,119,162
2473,2021-10-10,2021,283,318,20,120,81,97
2474,2021-10-11,2021,284,405,24,132,140,109
2475,2021-10-12,2021,285,521,37,165,160,159
2476,2021-10-13,2021,286,683,63,204,184,232
2477,2021-10-14,2021,287,615,61,201,162,191
2478,2021-10-15,2021,288,480,35,131,146,168
2479,2021-10-16,2021,289,418,30,131,103,154
2480,2021-10-17,2021,290,395,21,130,100,144
2481,2021-10-18,2021,291,381,32,129,99,121
2482,2021-10-19,2021,292,632,38,189,190,215
2483,2021-10-20,2021,293,592,47,178,163,204
2484,2021-10-21,2021,294,606,77,156,163,210
2485,2021-10-22,2021,295,473,35,135,147,156
2486,2021-10-23,2021,296,400,30,142,102,126
2487,2021-10-24,2021,297,356,23,104,115,114
2488,2021-10-25,2021,298,394,18,122,109,145
2489,2021-10-26,2021,299,463,23,144,162,134
2490,2021-10-27,2021,300,513,28,167,170,148
2491,2021-10-28,2021,301,440,39,151,105,145
2492,2021-10-29,2021,302,377,35,114,101,127
2493,2021-10-30,2021,303,309,22,110,75,102
2494,2021-10-31,2021,304,319,18,115,74,112
2495,2021-11-01,2021,305,431,25,161,128,117
2496,2021-11-02,2021,306,459,32,152,139,136
2497,2021-11-03,2021,307,627,51,181,189,206
2498,2021-11-04,2021,308,580,77,172,141,190
2499,2021-11-05,2021,309,488,41,127,124,196
2500,2021-11-06,2021,310,341,22,125,74,120
2501,2021-11-07,2021,311,340,25,109,70,136
2502,2021-11-08,2021,312,406,23,142,120,121
2503,2021-11-09,2021,313,582,38,188,141,215
2504,2021-11-10,2021,314,581,36,174,145,226
2505,2021-11-11,2021,315,557,60,138,175,184
2506,2021-11-12,2021,316,462,29,140,131,162
2507,2021-11-13,2021,317,371,33,127,89,122
2508,2021-11-14,2021,318,355,31,128,81,115
2509,2021-11-15,2021,319,357,21,125,101,110
2510,2021-11-16,2021,320,555,50,154,180,171
2511,2021-11-17,2021,321,649,75,183,172,219
2512,2021-11-18,2021,322,519,57,139,139,184
2513,2021-11-19,2021,323,478,37,151,141,149
2514,2021-11-20,2021,324,332,25,130,78,99
2515,2021-11-21,2021,325,323,19,102,88,114
2516,2021-11-22,2021,326,393,18,139,100,136
2517,2021-11-23,2021,327,407,31,129,110,137
2518,2021-11-24,2021,328,350,23,110,118,99
2519,2021-11-25,2021,329,194,17,99,22,56
2520,2021-11-26,2021,330,384,28,121,131,104
2521,2021-11-27,2021,331,374,39,120,109,106
2522,2021-11-28,2021,332,337,14,112,91,120
2523,2021-11-29,2021,333,352,22,122,103,105
2524,2021-11-30,2021,334,484,46,152,121,165
2525,2021-12-01,2021,335,604,47,166,181,210
2526,2021-12-02,2021,336,558,55,132,192,179
2527,2021-12-03,2021,337,533,42,146,189,156
2528,2021-12-04,2021,338,347,37,115,85,110
2529,2021-12-05,2021,339,378,26,120,93,139
2530,2021-12-06,2021,340,421,17,150,121,133
2531,2021-12-07,2021,341,513,37,162,135,179
2532,2021-12-08,2021,342,541,38,167,138,198
2533,2021-12-09,2021,343,503,42,158,125,178
2534,2021-12-10,2021,344,497,38,125,155,179
2535,2021-12-11,2021,345,390,25,127,95,143
2536,2021-12-12,2021,346,349,20,136,81,112
2537,2021-12-13,2021,347,395,27,114,102,152
2538,2021-12-14,2021,348,552,51,131,158,212
2539,2021-12-15,2021,349,530,27,160,162,181
2540,2021-12-16,2021,350,514,32,141,173,168
2541,2021-12-17,2021,351,469,36,127,112,194
2542,2021-12-18,2021,352,313,21,103,78,111
2543,2021-12-19,2021,353,319,16,119,62,122
2544,2021-12-20,2021,354,375,13,119,114,129
2545,2021-12-21,2021,355,453,39,135,110,169
2546,2021-12-22,2021,356,499,28,130,135,206
2547,2021-12-23,2021,357,324,23,106,91,104
2548,2021-12-24,2021,358,212,11,89,58,54
2549,2021-12-25,2021,359,181,10,96,36,39
2550,2021-12-26,2021,360,240,9,92,59,80
2551,2021-12-27,2021,361,297,14,107,98,78
2552,2021-12-28,2021,362,359,12,117,112,118
2553,2021-12-29,2021,363,366,20,88,127,131
2554,2021-12-30,2021,364,325,21,96,76,132
2555,2021-12-31,2021,365,332,30,113,87,102
