ARREST_DATE,year,day,Total,Drugs,Violent,Theft
01/01/2018,2018,1,278,16,104,151
01/02/2018,2018,2,190,6,57,117
01/03/2018,2018,3,207,9,62,129
01/04/2018,2018,4,186,9,56,116
01/05/2018,2018,5,213,5,64,141
01/06/2018,2018,6,193,6,56,126
01/07/2018,2018,7,189,6,60,115
01/08/2018,2018,8,214,8,59,136
01/09/2018,2018,9,197,3,61,125
01/10/2018,2018,10,197,13,70,104
01/11/2018,2018,11,205,15,64,118
01/12/2018,2018,12,221,11,72,127
01/13/2018,2018,13,186,11,59,106
01/14/2018,2018,14,204,7,76,111
01/15/2018,2018,15,205,7,69,122
01/16/2018,2018,16,190,4,54,128
01/17/2018,2018,17,178,9,59,104
01/18/2018,2018,18,216,12,76,121
01/19/2018,2018,19,199,14,56,125
01/20/2018,2018,20,225,11,73,133
01/21/2018,2018,21,172,13,68,86
01/22/2018,2018,22,180,8,48,117
01/23/2018,2018,23,165,5,40,119
01/24/2018,2018,24,202,9,61,126
01/25/2018,2018,25,175,9,57,101
01/26/2018,2018,26,229,17,68,136
01/27/2018,2018,27,197,14,64,107
01/28/2018,2018,28,190,14,71,97
01/29/2018,2018,29,167,9,51,103
01/30/2018,2018,30,200,9,54,129
01/31/2018,2018,31,204,9,62,122
02/01/2018,2018,32,238,11,65,150
02/02/2018,2018,33,226,14,72,132
02/03/2018,2018,34,203,7,59,131
02/04/2018,2018,35,199,12,69,115
02/05/2018,2018,36,192,2,66,117
02/06/2018,2018,37,208,15,74,110
02/07/2018,2018,38,204,19,71,103
02/08/2018,2018,39,186,15,56,104
02/09/2018,2018,40,210,5,58,140
02/10/2018,2018,41,200,8,66,116
02/11/2018,2018,42,196,11,60,114
02/12/2018,2018,43,208,11,52,138
02/13/2018,2018,44,177,12,52,104
02/14/2018,2018,45,190,13,56,112
02/15/2018,2018,46,201,20,53,117
02/16/2018,2018,47,238,11,73,145
02/17/2018,2018,48,203,8,65,124
02/18/2018,2018,49,195,11,56,124
02/19/2018,2018,50,173,4,42,118
02/20/2018,2018,51,174,9,49,112
02/21/2018,2018,52,174,8,44,115
02/22/2018,2018,53,176,5,61,100
02/23/2018,2018,54,226,11,60,147
02/24/2018,2018,55,206,12,71,114
02/25/2018,2018,56,179,16,68,92
02/26/2018,2018,57,211,7,65,129
02/27/2018,2018,58,186,13,67,100
02/28/2018,2018,59,198,7,61,124
03/01/2018,2018,60,234,12,79,134
03/02/2018,2018,61,222,12,79,121
03/03/2018,2018,62,215,17,55,137
03/04/2018,2018,63,184,10,65,103
03/05/2018,2018,64,199,24,58,113
03/06/2018,2018,65,179,9,40,124
03/07/2018,2018,66,183,15,60,97
03/08/2018,2018,67,180,8,57,109
03/09/2018,2018,68,209,10,64,122
03/10/2018,2018,69,203,19,74,105
03/11/2018,2018,70,141,13,44,74
03/12/2018,2018,71,183,8,57,109
03/13/2018,2018,72,203,17,46,130
03/14/2018,2018,73,189,14,60,108
03/15/2018,2018,74,199,14,55,120
03/16/2018,2018,75,198,6,67,118
03/17/2018,2018,76,230,6,79,141
03/18/2018,2018,77,193,12,53,122
03/19/2018,2018,78,188,4,44,129
03/20/2018,2018,79,189,8,58,116
03/21/2018,2018,80,174,11,48,106
03/22/2018,2018,81,210,10,62,130
03/23/2018,2018,82,203,5,48,142
03/24/2018,2018,83,182,9,61,105
03/25/2018,2018,84,215,8,74,129
03/26/2018,2018,85,200,5,68,118
03/27/2018,2018,86,223,6,74,136
03/28/2018,2018,87,198,7,66,119
03/29/2018,2018,88,201,8,63,128
03/30/2018,2018,89,235,8,72,147
03/31/2018,2018,90,204,11,62,122
04/01/2018,2018,91,236,7,84,136
04/02/2018,2018,92,180,9,52,110
04/03/2018,2018,93,180,10,61,100
04/04/2018,2018,94,198,13,52,128
04/05/2018,2018,95,182,4,66,105
04/06/2018,2018,96,228,12,78,128
04/07/2018,2018,97,218,4,64,143
04/08/2018,2018,98,206,12,74,112
04/09/2018,2018,99,190,11,66,110
04/10/2018,2018,100,191,8,56,120
04/11/2018,2018,101,206,5,77,118
04/12/2018,2018,102,179,10,51,115
04/13/2018,2018,103,221,13,56,144
04/14/2018,2018,104,196,8,55,122
04/15/2018,2018,105,190,11,61,111
04/16/2018,2018,106,179,6,57,107
04/17/2018,2018,107,186,6,62,108
04/18/2018,2018,108,198,17,68,106
04/19/2018,2018,109,182,11,57,108
04/20/2018,2018,110,212,10,73,123
04/21/2018,2018,111,217,7,70,134
04/22/2018,2018,112,169,11,56,95
04/23/2018,2018,113,209,10,72,119
04/24/2018,2018,114,187,9,65,107
04/25/2018,2018,115,203,2,47,144
04/26/2018,2018,116,210,5,81,116
04/27/2018,2018,117,224,13,66,139
04/28/2018,2018,118,225,2,60,162
04/29/2018,2018,119,209,9,73,122
04/30/2018,2018,120,223,9,63,147
05/01/2018,2018,121,242,5,66,158
05/02/2018,2018,122,213,11,74,119
05/03/2018,2018,123,204,16,64,115
05/04/2018,2018,124,223,11,82,120
05/05/2018,2018,125,244,13,87,133
05/06/2018,2018,126,210,6,83,115
05/07/2018,2018,127,191,8,58,117
05/08/2018,2018,128,220,7,76,129
05/09/2018,2018,129,207,17,62,118
05/10/2018,2018,130,202,17,61,116
05/11/2018,2018,131,224,13,69,133
05/12/2018,2018,132,182,13,57,109
05/13/2018,2018,133,210,8,64,131
05/14/2018,2018,134,220,8,85,120
05/15/2018,2018,135,212,7,77,124
05/16/2018,2018,136,201,7,64,124
05/17/2018,2018,137,213,12,59,132
05/18/2018,2018,138,238,17,67,141
05/19/2018,2018,139,202,15,56,125
05/20/2018,2018,140,207,7,65,129
05/21/2018,2018,141,212,11,69,122
05/22/2018,2018,142,223,8,72,131
05/23/2018,2018,143,243,14,79,140
05/24/2018,2018,144,212,10,68,127
05/25/2018,2018,145,267,13,92,157
05/26/2018,2018,146,243,15,87,132
05/27/2018,2018,147,231,19,71,132
05/28/2018,2018,148,193,15,72,102
05/29/2018,2018,149,201,16,61,113
05/30/2018,2018,150,190,6,60,114
05/31/2018,2018,151,170,5,38,119
06/01/2018,2018,152,258,17,81,147
06/02/2018,2018,153,225,3,72,139
06/03/2018,2018,154,166,6,48,106
06/04/2018,2018,155,196,9,68,111
06/05/2018,2018,156,230,8,72,145
06/06/2018,2018,157,205,14,64,120
06/07/2018,2018,158,192,5,69,112
06/08/2018,2018,159,218,10,58,139
06/09/2018,2018,160,207,14,61,127
06/10/2018,2018,161,203,18,76,105
06/11/2018,2018,162,198,6,61,119
06/12/2018,2018,163,221,5,66,144
06/13/2018,2018,164,205,15,51,124
06/14/2018,2018,165,230,16,68,131
06/15/2018,2018,166,221,6,51,157
06/16/2018,2018,167,202,13,61,124
06/17/2018,2018,168,217,11,74,123
06/18/2018,2018,169,247,7,71,159
06/19/2018,2018,170,188,4,63,116
06/20/2018,2018,171,221,6,74,133
06/21/2018,2018,172,219,12,78,119
06/22/2018,2018,173,188,9,64,111
06/23/2018,2018,174,226,9,86,124
06/24/2018,2018,175,224,11,73,131
06/25/2018,2018,176,206,6,73,121
06/26/2018,2018,177,210,9,65,126
06/27/2018,2018,178,190,8,60,112
06/28/2018,2018,179,197,9,71,111
06/29/2018,2018,180,237,13,81,130
06/30/2018,2018,181,229,16,76,128
07/01/2018,2018,182,231,8,60,153
07/02/2018,2018,183,192,13,67,104
07/03/2018,2018,184,190,5,62,112
07/04/2018,2018,185,235,16,87,122
07/05/2018,2018,186,226,10,76,129
07/06/2018,2018,187,237,17,83,128
07/07/2018,2018,188,211,7,72,123
07/08/2018,2018,189,196,10,82,99
07/09/2018,2018,190,226,11,66,137
07/10/2018,2018,191,193,3,83,98
07/11/2018,2018,192,213,9,73,127
07/12/2018,2018,193,192,4,57,124
07/13/2018,2018,194,176,8,67,95
07/14/2018,2018,195,201,7,67,121
07/15/2018,2018,196,202,5,77,114
07/16/2018,2018,197,209,11,84,103
07/17/2018,2018,198,234,9,75,136
07/18/2018,2018,199,243,6,81,149
07/19/2018,2018,200,260,19,76,154
07/20/2018,2018,201,235,11,62,148
07/21/2018,2018,202,206,17,60,123
07/22/2018,2018,203,200,10,66,115
07/23/2018,2018,204,219,10,78,125
07/24/2018,2018,205,225,14,62,139
07/25/2018,2018,206,197,13,72,103
07/26/2018,2018,207,202,12,57,126
07/27/2018,2018,208,239,10,78,143
07/28/2018,2018,209,198,11,74,107
07/29/2018,2018,210,195,5,65,118
07/30/2018,2018,211,233,22,74,124
07/31/2018,2018,212,202,4,69,123
08/01/2018,2018,213,233,7,71,143
08/02/2018,2018,214,243,17,75,147
08/03/2018,2018,215,217,13,73,121
08/04/2018,2018,216,185,14,62,102
08/05/2018,2018,217,231,13,68,142
08/06/2018,2018,218,210,10,64,127
08/07/2018,2018,219,221,10,65,137
08/08/2018,2018,220,213,7,60,140
08/09/2018,2018,221,193,11,72,99
08/10/2018,2018,222,249,12,93,135
08/11/2018,2018,223,185,3,60,116
08/12/2018,2018,224,197,7,72,111
08/13/2018,2018,225,208,13,62,125
08/14/2018,2018,226,183,9,64,101
08/15/2018,2018,227,215,8,69,126
08/16/2018,2018,228,185,13,50,112
08/17/2018,2018,229,236,10,67,147
08/18/2018,2018,230,202,11,68,114
08/19/2018,2018,231,192,12,74,96
08/20/2018,2018,232,220,8,77,126
08/21/2018,2018,233,193,10,59,115
08/22/2018,2018,234,198,11,65,115
08/23/2018,2018,235,225,10,76,128
08/24/2018,2018,236,200,10,45,133
08/25/2018,2018,237,205,11,71,116
08/26/2018,2018,238,195,13,46,132
08/27/2018,2018,239,182,9,60,104
08/28/2018,2018,240,223,16,79,118
08/29/2018,2018,241,217,11,71,118
08/30/2018,2018,242,233,10,64,146
08/31/2018,2018,243,215,13,72,126
09/01/2018,2018,244,264,6,88,165
09/02/2018,2018,245,196,10,74,109
09/03/2018,2018,246,207,8,70,123
09/04/2018,2018,247,202,14,60,121
09/05/2018,2018,248,184,14,61,97
09/06/2018,2018,249,204,13,55,120
09/07/2018,2018,250,226,6,81,131
09/08/2018,2018,251,209,12,60,129
09/09/2018,2018,252,195,5,61,123
09/10/2018,2018,253,217,6,65,138
09/11/2018,2018,254,210,3,66,135
09/12/2018,2018,255,207,12,62,119
09/13/2018,2018,256,188,15,57,106
09/14/2018,2018,257,217,6,67,137
09/15/2018,2018,258,180,13,64,93
09/16/2018,2018,259,176,4,69,99
09/17/2018,2018,260,214,3,75,129
09/18/2018,2018,261,220,6,75,128
09/19/2018,2018,262,216,6,58,144
09/20/2018,2018,263,213,14,78,111
09/21/2018,2018,264,245,17,77,144
09/22/2018,2018,265,232,9,59,160
09/23/2018,2018,266,225,12,63,144
09/24/2018,2018,267,231,7,76,134
09/25/2018,2018,268,205,17,50,127
09/26/2018,2018,269,180,9,63,103
09/27/2018,2018,270,232,16,64,140
09/28/2018,2018,271,242,20,72,144
09/29/2018,2018,272,166,7,52,100
09/30/2018,2018,273,209,15,74,115
10/01/2018,2018,274,236,5,61,164
10/02/2018,2018,275,195,9,71,105
10/03/2018,2018,276,210,17,65,120
10/04/2018,2018,277,175,10,52,111
10/05/2018,2018,278,189,7,50,127
10/06/2018,2018,279,229,5,74,139
10/07/2018,2018,280,187,12,51,115
10/08/2018,2018,281,166,5,62,94
10/09/2018,2018,282,196,10,58,120
10/10/2018,2018,283,243,6,76,155
10/11/2018,2018,284,182,7,78,92
10/12/2018,2018,285,222,7,73,130
10/13/2018,2018,286,226,12,77,131
10/14/2018,2018,287,193,8,69,107
10/15/2018,2018,288,230,12,63,139
10/16/2018,2018,289,195,5,70,113
10/17/2018,2018,290,204,7,48,137
10/18/2018,2018,291,211,9,75,120
10/19/2018,2018,292,194,5,63,120
10/20/2018,2018,293,214,6,65,137
10/21/2018,2018,294,212,8,59,135
10/22/2018,2018,295,205,5,59,128
10/23/2018,2018,296,172,9,43,116
10/24/2018,2018,297,180,8,48,118
10/25/2018,2018,298,202,11,63,118
10/26/2018,2018,299,241,4,80,152
10/27/2018,2018,300,231,7,80,138
10/28/2018,2018,301,173,5,61,100
10/29/2018,2018,302,210,7,59,140
10/30/2018,2018,303,187,8,65,111
10/31/2018,2018,304,232,10,84,127
11/01/2018,2018,305,244,9,87,138
11/02/2018,2018,306,229,10,66,148
11/03/2018,2018,307,217,8,75,129
11/04/2018,2018,308,262,19,83,151
11/05/2018,2018,309,207,9,63,126
11/06/2018,2018,310,199,16,65,106
11/07/2018,2018,311,213,13,80,111
11/08/2018,2018,312,202,6,62,128
11/09/2018,2018,313,205,10,66,127
11/10/2018,2018,314,180,4,61,107
11/11/2018,2018,315,198,13,72,101
11/12/2018,2018,316,204,14,56,120
11/13/2018,2018,317,175,4,57,111
11/14/2018,2018,318,224,5,74,132
11/15/2018,2018,319,215,17,63,128
11/16/2018,2018,320,217,17,58,132
11/17/2018,2018,321,202,5,68,122
11/18/2018,2018,322,177,5,64,104
11/19/2018,2018,323,199,10,58,124
11/20/2018,2018,324,197,2,69,119
11/21/2018,2018,325,254,8,86,157
11/22/2018,2018,326,188,6,74,104
11/23/2018,2018,327,199,4,58,132
11/24/2018,2018,328,197,7,61,123
11/25/2018,2018,329,180,10,61,104
11/26/2018,2018,330,217,2,67,143
11/27/2018,2018,331,182,7,48,120
11/28/2018,2018,332,201,11,66,114
11/29/2018,2018,333,193,7,60,115
11/30/2018,2018,334,187,7,55,122
12/01/2018,2018,335,235,11,66,148
12/02/2018,2018,336,209,13,78,109
12/03/2018,2018,337,198,2,71,121
12/04/2018,2018,338,186,8,58,113
12/05/2018,2018,339,204,11,66,118
12/06/2018,2018,340,194,14,63,105
12/07/2018,2018,341,242,14,57,165
12/08/2018,2018,342,198,10,56,126
12/09/2018,2018,343,188,13,65,105
12/10/2018,2018,344,203,8,53,137
12/11/2018,2018,345,188,10,60,115
12/12/2018,2018,346,215,16,68,121
12/13/2018,2018,347,186,15,48,108
12/14/2018,2018,348,234,10,58,153
12/15/2018,2018,349,231,9,61,157
12/16/2018,2018,350,193,11,78,93
12/17/2018,2018,351,233,9,78,142
12/18/2018,2018,352,213,7,54,144
12/19/2018,2018,353,184,13,58,107
12/20/2018,2018,354,208,10,62,129
12/21/2018,2018,355,236,13,65,149
12/22/2018,2018,356,229,14,62,148
12/23/2018,2018,357,192,11,52,127
12/24/2018,2018,358,235,8,76,143
12/25/2018,2018,359,163,4,52,103
12/26/2018,2018,360,167,14,45,104
12/27/2018,2018,361,195,10,56,113
12/28/2018,2018,362,196,7,65,118
12/29/2018,2018,363,232,20,71,130
12/30/2018,2018,364,169,15,38,108
12/31/2018,2018,365,194,12,62,109
01/01/2019,2019,1,293,12,115,155
01/02/2019,2019,2,179,16,68,87
01/03/2019,2019,3,195,14,57,117
01/04/2019,2019,4,197,12,70,105
01/05/2019,2019,5,155,10,54,83
01/06/2019,2019,6,169,8,61,96
01/07/2019,2019,7,200,4,67,122
01/08/2019,2019,8,183,7,53,115
01/09/2019,2019,9,212,10,79,119
01/10/2019,2019,10,242,8,92,135
01/11/2019,2019,11,235,13,73,131
01/12/2019,2019,12,215,12,81,118
01/13/2019,2019,13,205,19,59,121
01/14/2019,2019,14,216,12,53,144
01/15/2019,2019,15,182,6,49,115
01/16/2019,2019,16,206,13,55,131
01/17/2019,2019,17,211,12,65,128
01/18/2019,2019,18,233,13,65,141
01/19/2019,2019,19,225,15,74,132
01/20/2019,2019,20,214,8,78,123
01/21/2019,2019,21,188,8,57,118
01/22/2019,2019,22,200,5,60,127
01/23/2019,2019,23,168,5,55,99
01/24/2019,2019,24,192,18,64,98
01/25/2019,2019,25,192,7,60,121
01/26/2019,2019,26,217,15,63,123
01/27/2019,2019,27,193,10,70,106
01/28/2019,2019,28,204,9,56,132
01/29/2019,2019,29,154,1,48,103
01/30/2019,2019,30,209,10,68,114
01/31/2019,2019,31,221,4,66,136
02/01/2019,2019,32,219,6,59,147
02/02/2019,2019,33,210,13,78,116
02/03/2019,2019,34,157,10,62,83
02/04/2019,2019,35,106,4,36,63
02/05/2019,2019,36,124,3,37,79
02/06/2019,2019,37,154,9,40,97
02/07/2019,2019,38,150,9,46,87
02/08/2019,2019,39,165,16,54,87
02/09/2019,2019,40,124,8,58,56
02/10/2019,2019,41,110,6,35,67
02/11/2019,2019,42,133,5,47,75
02/12/2019,2019,43,137,6,45,83
02/13/2019,2019,44,157,10,50,87
02/14/2019,2019,45,131,6,40,79
02/15/2019,2019,46,187,10,78,93
02/16/2019,2019,47,195,8,60,122
02/17/2019,2019,48,186,21,67,90
02/18/2019,2019,49,189,8,61,115
02/19/2019,2019,50,191,9,55,123
02/20/2019,2019,51,179,13,48,109
02/21/2019,2019,52,192,11,63,109
02/22/2019,2019,53,237,18,83,126
02/23/2019,2019,54,177,10,61,103
02/24/2019,2019,55,176,8,50,112
02/25/2019,2019,56,166,5,55,99
02/26/2019,2019,57,181,5,60,111
02/27/2019,2019,58,167,6,48,108
02/28/2019,2019,59,171,9,59,97
03/01/2019,2019,60,218,15,60,137
03/02/2019,2019,61,191,17,56,113
03/03/2019,2019,62,164,13,55,87
03/04/2019,2019,63,182,12,66,96
03/05/2019,2019,64,201,9,66,118
03/06/2019,2019,65,195,9,61,117
03/07/2019,2019,66,168,5,56,100
03/08/2019,2019,67,173,12,63,93
03/09/2019,2019,68,183,10,64,104
03/10/2019,2019,69,148,3,48,93
03/11/2019,2019,70,185,5,60,113
03/12/2019,2019,71,173,8,53,105
03/13/2019,2019,72,208,9,65,127
03/14/2019,2019,73,204,9,60,128
03/15/2019,2019,74,192,7,64,116
03/16/2019,2019,75,196,3,69,121
03/17/2019,2019,76,196,16,71,105
03/18/2019,2019,77,195,9,64,112
03/19/2019,2019,78,206,11,72,116
03/20/2019,2019,79,207,11,70,115
03/21/2019,2019,80,177,12,54,103
03/22/2019,2019,81,205,7,73,119
03/23/2019,2019,82,189,14,50,117
03/24/2019,2019,83,187,7,60,110
03/25/2019,2019,84,176,4,58,111
03/26/2019,2019,85,168,6,76,83
03/27/2019,2019,86,207,6,77,112
03/28/2019,2019,87,172,7,44,113
03/29/2019,2019,88,192,8,58,118
03/30/2019,2019,89,182,12,59,102
03/31/2019,2019,90,167,10,67,85
04/01/2019,2019,91,232,7,70,144
04/02/2019,2019,92,180,5,66,100
04/03/2019,2019,93,193,9,64,111
04/04/2019,2019,94,171,9,58,94
04/05/2019,2019,95,190,12,62,111
04/06/2019,2019,96,188,10,73,96
04/07/2019,2019,97,194,7,88,91
04/08/2019,2019,98,168,12,60,93
04/09/2019,2019,99,174,12,41,117
04/10/2019,2019,100,162,8,55,92
04/11/2019,2019,101,153,13,42,90
04/12/2019,2019,102,215,9,64,131
04/13/2019,2019,103,213,10,75,123
04/14/2019,2019,104,159,10,48,95
04/15/2019,2019,105,227,19,79,123
04/16/2019,2019,106,185,6,59,113
04/17/2019,2019,107,221,6,72,135
04/18/2019,2019,108,211,14,74,116
04/19/2019,2019,109,217,4,71,136
04/20/2019,2019,110,199,11,67,110
04/21/2019,2019,111,218,14,75,121
04/22/2019,2019,112,213,15,60,130
04/23/2019,2019,113,193,6,58,119
04/24/2019,2019,114,192,10,59,116
04/25/2019,2019,115,201,19,61,110
04/26/2019,2019,116,223,18,72,130
04/27/2019,2019,117,175,10,58,103
04/28/2019,2019,118,191,16,62,105
04/29/2019,2019,119,183,14,66,99
04/30/2019,2019,120,189,5,64,117
05/01/2019,2019,121,195,3,57,128
05/02/2019,2019,122,210,10,79,112
05/03/2019,2019,123,168,6,51,105
05/04/2019,2019,124,187,5,71,106
05/05/2019,2019,125,200,17,82,95
05/06/2019,2019,126,176,6,67,98
05/07/2019,2019,127,133,3,47,78
05/08/2019,2019,128,167,8,61,93
05/09/2019,2019,129,167,7,64,90
05/10/2019,2019,130,210,9,71,124
05/11/2019,2019,131,186,10,67,105
05/12/2019,2019,132,169,15,67,81
05/13/2019,2019,133,222,4,78,130
05/14/2019,2019,134,172,3,47,116
05/15/2019,2019,135,193,7,55,123
05/16/2019,2019,136,171,6,51,112
05/17/2019,2019,137,223,12,53,150
05/18/2019,2019,138,209,9,67,129
05/19/2019,2019,139,171,7,59,100
05/20/2019,2019,140,180,1,59,106
05/21/2019,2019,141,184,4,59,114
05/22/2019,2019,142,189,5,66,113
05/23/2019,2019,143,204,6,62,132
05/24/2019,2019,144,205,8,59,131
05/25/2019,2019,145,178,9,44,119
05/26/2019,2019,146,186,5,84,92
05/27/2019,2019,147,178,8,46,118
05/28/2019,2019,148,192,6,58,122
05/29/2019,2019,149,174,4,62,95
05/30/2019,2019,150,182,6,56,113
05/31/2019,2019,151,202,7,65,125
06/01/2019,2019,152,246,8,71,158
06/02/2019,2019,153,216,10,67,134
06/03/2019,2019,154,182,6,59,112
06/04/2019,2019,155,192,9,62,119
06/05/2019,2019,156,210,10,68,125
06/06/2019,2019,157,171,10,44,109
06/07/2019,2019,158,207,9,65,124
06/08/2019,2019,159,186,15,50,118
06/09/2019,2019,160,150,11,46,90
06/10/2019,2019,161,164,5,52,103
06/11/2019,2019,162,167,8,57,97
06/12/2019,2019,163,196,8,63,121
06/13/2019,2019,164,186,7,56,116
06/14/2019,2019,165,221,10,78,127
06/15/2019,2019,166,182,7,70,98
06/16/2019,2019,167,158,9,43,104
06/17/2019,2019,168,170,12,50,98
06/18/2019,2019,169,192,6,51,128
06/19/2019,2019,170,184,5,53,114
06/20/2019,2019,171,173,5,58,100
06/21/2019,2019,172,186,16,45,118
06/22/2019,2019,173,184,4,57,115
06/23/2019,2019,174,195,9,66,118
06/24/2019,2019,175,169,7,62,96
06/25/2019,2019,176,191,7,57,117
06/26/2019,2019,177,180,8,46,117
06/27/2019,2019,178,206,3,62,134
06/28/2019,2019,179,224,5,73,144
06/29/2019,2019,180,189,7,59,121
06/30/2019,2019,181,207,9,70,121
07/01/2019,2019,182,266,8,86,163
07/02/2019,2019,183,187,4,72,108
07/03/2019,2019,184,200,10,50,132
07/04/2019,2019,185,191,13,68,105
07/05/2019,2019,186,217,11,67,130
07/06/2019,2019,187,181,8,57,103
07/07/2019,2019,188,183,9,50,113
07/08/2019,2019,189,191,5,63,115
07/09/2019,2019,190,179,2,62,110
07/10/2019,2019,191,195,10,51,131
07/11/2019,2019,192,208,11,66,107
07/12/2019,2019,193,248,4,83,152
07/13/2019,2019,194,209,8,63,130
07/14/2019,2019,195,174,9,68,91
07/15/2019,2019,196,202,10,53,134
07/16/2019,2019,197,232,18,78,123
07/17/2019,2019,198,231,12,63,143
07/18/2019,2019,199,212,11,66,130
07/19/2019,2019,200,231,10,61,145
07/20/2019,2019,201,174,8,49,114
07/21/2019,2019,202,190,9,68,109
07/22/2019,2019,203,219,5,82,124
07/23/2019,2019,204,188,5,49,126
07/24/2019,2019,205,194,9,60,118
07/25/2019,2019,206,209,6,65,126
07/26/2019,2019,207,238,12,63,158
07/27/2019,2019,208,208,12,65,121
07/28/2019,2019,209,173,7,45,110
07/29/2019,2019,210,212,11,68,124
07/30/2019,2019,211,184,5,56,117
07/31/2019,2019,212,187,4,55,113
08/01/2019,2019,213,244,8,72,154
08/02/2019,2019,214,201,9,54,131
08/03/2019,2019,215,159,9,43,101
08/04/2019,2019,216,190,7,65,109
08/05/2019,2019,217,194,4,69,117
08/06/2019,2019,218,209,7,65,119
08/07/2019,2019,219,205,6,61,128
08/08/2019,2019,220,211,8,60,135
08/09/2019,2019,221,229,7,70,146
08/10/2019,2019,222,203,9,48,135
08/11/2019,2019,223,176,6,59,103
08/12/2019,2019,224,181,7,56,110
08/13/2019,2019,225,200,9,57,127
08/14/2019,2019,226,219,5,81,125
08/15/2019,2019,227,214,5,68,137
08/16/2019,2019,228,200,8,67,118
08/17/2019,2019,229,213,8,65,133
08/18/2019,2019,230,185,13,53,108
08/19/2019,2019,231,200,4,64,127
08/20/2019,2019,232,210,10,66,123
08/21/2019,2019,233,185,10,56,104
08/22/2019,2019,234,203,4,56,130
08/23/2019,2019,235,227,9,64,144
08/24/2019,2019,236,205,7,56,135
08/25/2019,2019,237,194,5,59,126
08/26/2019,2019,238,211,8,52,145
08/27/2019,2019,239,194,7,62,112
08/28/2019,2019,240,199,8,60,121
08/29/2019,2019,241,246,5,80,148
08/30/2019,2019,242,234,10,64,139
08/31/2019,2019,243,220,28,66,116
09/01/2019,2019,244,251,19,71,150
09/02/2019,2019,245,172,8,47,113
09/03/2019,2019,246,183,7,63,107
09/04/2019,2019,247,187,9,63,110
09/05/2019,2019,248,188,15,57,105
09/06/2019,2019,249,206,11,60,130
09/07/2019,2019,250,169,7,52,102
09/08/2019,2019,251,181,8,60,109
09/09/2019,2019,252,172,1,58,109
09/10/2019,2019,253,211,3,62,141
09/11/2019,2019,254,171,7,48,110
09/12/2019,2019,255,193,15,58,115
09/13/2019,2019,256,221,5,41,164
09/14/2019,2019,257,196,5,59,126
09/15/2019,2019,258,180,11,56,107
09/16/2019,2019,259,190,5,52,124
09/17/2019,2019,260,164,5,38,114
09/18/2019,2019,261,188,3,58,122
09/19/2019,2019,262,175,12,47,103
09/20/2019,2019,263,235,5,60,166
09/21/2019,2019,264,203,8,56,134
09/22/2019,2019,265,181,6,54,116
09/23/2019,2019,266,196,7,43,136
09/24/2019,2019,267,185,8,48,123
09/25/2019,2019,268,200,4,48,143
09/26/2019,2019,269,230,8,65,149
09/27/2019,2019,270,238,14,57,157
09/28/2019,2019,271,197,9,55,130
09/29/2019,2019,272,190,4,63,119
09/30/2019,2019,273,203,7,63,129
10/01/2019,2019,274,234,4,69,157
10/02/2019,2019,275,206,9,63,130
10/03/2019,2019,276,220,9,50,154
10/04/2019,2019,277,206,16,56,126
10/05/2019,2019,278,213,11,70,123
10/06/2019,2019,279,175,5,55,112
10/07/2019,2019,280,176,8,52,112
10/08/2019,2019,281,194,7,62,120
10/09/2019,2019,282,191,4,48,132
10/10/2019,2019,283,189,9,52,120
10/11/2019,2019,284,203,4,61,126
10/12/2019,2019,285,199,13,64,119
10/13/2019,2019,286,178,7,62,103
10/14/2019,2019,287,194,3,61,125
10/15/2019,2019,288,185,7,59,112
10/16/2019,2019,289,222,9,64,143
10/17/2019,2019,290,202,7,60,123
10/18/2019,2019,291,208,6,67,127
10/19/2019,2019,292,174,7,67,95
10/20/2019,2019,293,178,13,61,100
10/21/2019,2019,294,184,7,49,122
10/22/2019,2019,295,202,10,55,122
10/23/2019,2019,296,196,13,59,115
10/24/2019,2019,297,202,10,59,122
10/25/2019,2019,298,196,5,60,127
10/26/2019,2019,299,218,7,50,156
10/27/2019,2019,300,202,4,56,134
10/28/2019,2019,301,165,9,42,107
10/29/2019,2019,302,182,3,49,124
10/30/2019,2019,303,166,5,44,107
10/31/2019,2019,304,199,6,63,125
11/01/2019,2019,305,239,10,64,154
11/02/2019,2019,306,195,10,58,120
11/03/2019,2019,307,203,9,58,130
11/04/2019,2019,308,178,6,50,121
11/05/2019,2019,309,191,1,64,118
11/06/2019,2019,310,161,9,51,96
11/07/2019,2019,311,197,12,53,125
11/08/2019,2019,312,223,12,72,133
11/09/2019,2019,313,201,5,55,135
11/10/2019,2019,314,208,10,64,125
11/11/2019,2019,315,201,10,56,128
11/12/2019,2019,316,205,9,56,135
11/13/2019,2019,317,179,4,61,105
11/14/2019,2019,318,198,7,62,123
11/15/2019,2019,319,233,10,69,151
11/16/2019,2019,320,198,12,48,130
11/17/2019,2019,321,170,6,56,101
11/18/2019,2019,322,185,2,56,123
11/19/2019,2019,323,211,8,58,141
11/20/2019,2019,324,200,8,59,123
11/21/2019,2019,325,190,8,41,132
11/22/2019,2019,326,232,10,65,146
11/23/2019,2019,327,179,7,54,113
11/24/2019,2019,328,174,10,63,97
11/25/2019,2019,329,201,8,43,144
11/26/2019,2019,330,189,3,39,140
11/27/2019,2019,331,210,4,63,138
11/28/2019,2019,332,145,6,48,81
11/29/2019,2019,333,200,5,45,142
11/30/2019,2019,334,212,7,54,148
12/01/2019,2019,335,181,7,55,112
12/02/2019,2019,336,189,6,52,125
12/03/2019,2019,337,163,5,47,107
12/04/2019,2019,338,179,6,52,112
12/05/2019,2019,339,202,12,71,114
12/06/2019,2019,340,228,9,54,161
12/07/2019,2019,341,198,13,62,119
12/08/2019,2019,342,190,10,50,124
12/09/2019,2019,343,212,10,79,113
12/10/2019,2019,344,226,12,62,145
12/11/2019,2019,345,188,7,42,130
12/12/2019,2019,346,181,11,57,106
12/13/2019,2019,347,194,8,64,117
12/14/2019,2019,348,174,10,58,101
12/15/2019,2019,349,170,11,55,100
12/16/2019,2019,350,214,4,58,141
12/17/2019,2019,351,186,4,60,120
12/18/2019,2019,352,187,7,62,114
12/19/2019,2019,353,183,5,41,130
12/20/2019,2019,354,189,16,39,129
12/21/2019,2019,355,194,7,62,119
12/22/2019,2019,356,157,6,45,103
12/23/2019,2019,357,213,4,55,151
12/24/2019,2019,358,147,8,35,100
12/25/2019,2019,359,144,7,65,68
12/26/2019,2019,360,156,9,45,96
12/27/2019,2019,361,184,8,64,106
12/28/2019,2019,362,180,9,57,106
12/29/2019,2019,363,198,14,55,120
12/30/2019,2019,364,170,7,46,112
12/31/2019,2019,365,195,7,56,125
01/01/2020,2020,1,286,13,93,166
01/02/2020,2020,2,164,13,55,90
01/03/2020,2020,3,188,12,57,114
01/04/2020,2020,4,176,11,39,122
01/05/2020,2020,5,146,7,36,99
01/06/2020,2020,6,185,2,58,120
01/07/2020,2020,7,185,7,49,124
01/08/2020,2020,8,195,4,67,115
01/09/2020,2020,9,172,8,46,115
01/10/2020,2020,10,192,6,50,133
01/11/2020,2020,11,169,9,54,99
01/12/2020,2020,12,166,10,52,101
01/13/2020,2020,13,186,7,44,126
01/14/2020,2020,14,179,7,45,123
01/15/2020,2020,15,171,5,54,105
01/16/2020,2020,16,193,7,54,127
01/17/2020,2020,17,198,5,43,146
01/18/2020,2020,18,166,10,47,104
01/19/2020,2020,19,200,15,66,114
01/20/2020,2020,20,171,5,45,118
01/21/2020,2020,21,168,6,47,109
01/22/2020,2020,22,205,15,54,127
01/23/2020,2020,23,194,14,73,102
01/24/2020,2020,24,201,7,50,135
01/25/2020,2020,25,201,11,57,128
01/26/2020,2020,26,194,8,55,125
01/27/2020,2020,27,206,6,52,144
01/28/2020,2020,28,184,7,64,108
01/29/2020,2020,29,196,5,59,127
01/30/2020,2020,30,195,5,57,121
01/31/2020,2020,31,223,11,60,146
02/01/2020,2020,32,263,6,62,190
02/02/2020,2020,33,190,10,72,100
02/03/2020,2020,34,199,8,52,133
02/04/2020,2020,35,157,5,48,101
02/05/2020,2020,36,200,17,52,126
02/06/2020,2020,37,162,5,53,101
02/07/2020,2020,38,198,9,59,119
02/08/2020,2020,39,180,9,51,115
02/09/2020,2020,40,159,10,55,90
02/10/2020,2020,41,195,7,56,126
02/11/2020,2020,42,174,8,49,112
02/12/2020,2020,43,182,9,52,113
02/13/2020,2020,44,184,12,47,121
02/14/2020,2020,45,205,7,63,133
02/15/2020,2020,46,203,15,53,129
02/16/2020,2020,47,163,6,57,89
02/17/2020,2020,48,198,6,61,122
02/18/2020,2020,49,165,10,48,100
02/19/2020,2020,50,168,7,58,96
02/20/2020,2020,51,177,4,57,106
02/21/2020,2020,52,175,10,61,99
02/22/2020,2020,53,199,15,60,120
02/23/2020,2020,54,164,7,49,104
02/24/2020,2020,55,176,7,46,115
02/25/2020,2020,56,171,7,53,103
02/26/2020,2020,57,186,6,63,109
02/27/2020,2020,58,182,7,54,108
02/28/2020,2020,59,230,12,73,135
02/29/2020,2020,60,457,33,130,287
03/02/2020,2020,61,163,8,48,104
03/03/2020,2020,62,177,6,52,108
03/04/2020,2020,63,161,13,45,99
03/05/2020,2020,64,195,16,62,114
03/06/2020,2020,65,204,3,54,144
03/07/2020,2020,66,160,11,47,99
03/08/2020,2020,67,658,9,45,598
03/09/2020,2020,68,184,4,47,128
03/10/2020,2020,69,197,8,59,120
03/11/2020,2020,70,163,10,34,108
03/12/2020,2020,71,184,9,52,115
03/13/2020,2020,72,198,6,56,128
03/14/2020,2020,73,196,14,61,116
03/15/2020,2020,74,512,7,54,444
03/16/2020,2020,75,184,3,54,122
03/17/2020,2020,76,139,5,52,75
03/18/2020,2020,77,158,3,53,98
03/19/2020,2020,78,157,13,47,93
03/20/2020,2020,79,177,7,57,108
03/21/2020,2020,80,161,2,50,108
03/22/2020,2020,81,288,5,42,235
03/23/2020,2020,82,177,2,52,119
03/24/2020,2020,83,162,2,55,97
03/25/2020,2020,84,158,5,58,86
03/26/2020,2020,85,171,5,50,106
03/27/2020,2020,86,189,3,59,119
03/28/2020,2020,87,182,4,61,113
03/29/2020,2020,88,275,8,54,207
03/30/2020,2020,89,212,9,59,134
03/31/2020,2020,90,170,4,61,99
04/01/2020,2020,91,360,10,58,289
04/02/2020,2020,92,187,7,62,112
04/03/2020,2020,93,195,11,59,118
04/04/2020,2020,94,176,4,66,100
04/05/2020,2020,95,262,7,66,184
04/06/2020,2020,96,182,4,56,120
04/07/2020,2020,97,188,6,50,123
04/08/2020,2020,98,175,2,54,112
04/09/2020,2020,99,183,6,56,112
04/10/2020,2020,100,198,5,59,125
04/11/2020,2020,101,202,13,58,125
04/12/2020,2020,102,210,7,49,150
04/13/2020,2020,103,214,10,73,121
04/14/2020,2020,104,202,8,60,129
04/15/2020,2020,105,227,7,69,142
04/16/2020,2020,106,181,7,53,119
04/17/2020,2020,107,206,8,59,130
04/18/2020,2020,108,204,13,65,120
04/19/2020,2020,109,209,4,68,134
04/20/2020,2020,110,186,9,49,122
04/21/2020,2020,111,213,13,61,134
04/22/2020,2020,112,174,2,49,120
04/23/2020,2020,113,190,7,38,137
04/24/2020,2020,114,188,12,50,115
04/25/2020,2020,115,181,7,48,122
04/26/2020,2020,116,247,4,48,190
04/27/2020,2020,117,216,5,57,144
04/28/2020,2020,118,187,8,55,116
04/29/2020,2020,119,214,10,61,137
04/30/2020,2020,120,203,9,52,137
05/01/2020,2020,121,557,7,79,464
05/02/2020,2020,122,202,10,55,124
05/03/2020,2020,123,327,4,46,271
05/04/2020,2020,124,286,10,52,216
05/05/2020,2020,125,231,8,45,173
05/06/2020,2020,126,288,15,45,224
05/07/2020,2020,127,305,7,47,246
05/08/2020,2020,128,427,6,58,357
05/09/2020,2020,129,322,9,65,242
05/10/2020,2020,130,404,7,67,326
05/11/2020,2020,131,559,8,48,495
05/12/2020,2020,132,527,6,62,452
05/13/2020,2020,133,507,10,47,445
05/14/2020,2020,134,621,12,50,547
05/15/2020,2020,135,667,8,51,604
05/16/2020,2020,136,336,8,52,270
05/17/2020,2020,137,282,4,54,220
05/18/2020,2020,138,764,4,54,697
05/19/2020,2020,139,562,5,56,490
05/20/2020,2020,140,584,4,69,503
05/21/2020,2020,141,458,7,38,407
05/22/2020,2020,142,435,6,59,366
05/23/2020,2020,143,216,8,50,153
05/24/2020,2020,144,199,10,56,126
05/25/2020,2020,145,206,5,51,147
05/26/2020,2020,146,272,2,55,208
05/27/2020,2020,147,251,17,60,165
05/28/2020,2020,148,210,7,54,144
05/29/2020,2020,149,235,6,84,137
05/30/2020,2020,150,245,3,84,147
05/31/2020,2020,151,189,2,62,118
06/01/2020,2020,152,255,2,69,176
06/02/2020,2020,153,170,4,59,105
06/03/2020,2020,154,157,4,43,105
06/04/2020,2020,155,154,4,44,100
06/05/2020,2020,156,128,2,35,89
06/06/2020,2020,157,143,0,54,83
06/07/2020,2020,158,134,2,46,82
06/08/2020,2020,159,153,1,37,114
06/09/2020,2020,160,130,2,35,92
06/10/2020,2020,161,145,2,42,96
06/11/2020,2020,162,114,1,34,75
06/12/2020,2020,163,123,1,45,75
06/13/2020,2020,164,115,8,41,63
06/14/2020,2020,165,100,1,35,58
06/15/2020,2020,166,140,8,50,77
06/16/2020,2020,167,119,3,41,71
06/17/2020,2020,168,156,4,49,101
06/18/2020,2020,169,171,6,60,98
06/19/2020,2020,170,181,0,68,108
06/20/2020,2020,171,176,2,56,112
06/21/2020,2020,172,168,3,47,115
06/22/2020,2020,173,174,3,55,110
06/23/2020,2020,174,189,6,59,113
06/24/2020,2020,175,165,3,58,97
06/25/2020,2020,176,200,6,64,125
06/26/2020,2020,177,198,6,60,126
06/27/2020,2020,178,160,5,47,104
06/28/2020,2020,179,169,4,47,113
06/29/2020,2020,180,192,3,53,131
06/30/2020,2020,181,172,3,56,109
07/01/2020,2020,182,194,0,61,122
07/02/2020,2020,183,185,2,57,125
07/03/2020,2020,184,184,6,62,112
07/04/2020,2020,185,184,1,62,115
07/05/2020,2020,186,171,4,57,102
07/06/2020,2020,187,192,5,59,120
07/07/2020,2020,188,180,6,56,110
07/08/2020,2020,189,162,2,51,107
07/09/2020,2020,190,161,1,45,112
07/10/2020,2020,191,165,1,53,106
07/11/2020,2020,192,155,4,60,85
07/12/2020,2020,193,152,2,45,99
07/13/2020,2020,194,165,3,58,97
07/14/2020,2020,195,165,0,56,107
07/15/2020,2020,196,171,5,56,104
07/16/2020,2020,197,191,5,64,119
07/17/2020,2020,198,192,4,57,122
07/18/2020,2020,199,173,4,53,110
07/19/2020,2020,200,165,2,67,93
07/20/2020,2020,201,189,4,68,113
07/21/2020,2020,202,190,2,73,109
07/22/2020,2020,203,175,0,79,88
07/23/2020,2020,204,185,4,58,117
07/24/2020,2020,205,205,5,58,134
07/25/2020,2020,206,173,1,68,99
07/26/2020,2020,207,171,1,39,124
07/27/2020,2020,208,212,0,71,138
07/28/2020,2020,209,174,3,50,118
07/29/2020,2020,210,152,0,55,95
07/30/2020,2020,211,174,5,60,102
07/31/2020,2020,212,201,4,71,120
08/01/2020,2020,213,208,4,61,141
08/02/2020,2020,214,166,4,42,116
08/03/2020,2020,215,188,4,48,132
08/04/2020,2020,216,168,3,54,106
08/05/2020,2020,217,181,1,47,126
08/06/2020,2020,218,189,1,68,115
08/07/2020,2020,219,212,4,67,129
08/08/2020,2020,220,179,3,44,128
08/09/2020,2020,221,198,4,60,126
08/10/2020,2020,222,228,4,79,139
08/11/2020,2020,223,169,2,52,110
08/12/2020,2020,224,202,2,71,124
08/13/2020,2020,225,170,2,59,107
08/14/2020,2020,226,213,1,79,131
08/15/2020,2020,227,209,7,50,144
08/16/2020,2020,228,170,2,53,110
08/17/2020,2020,229,208,5,73,125
08/18/2020,2020,230,190,4,61,118
08/19/2020,2020,231,197,1,64,126
08/20/2020,2020,232,204,4,57,130
08/21/2020,2020,233,204,3,56,136
08/22/2020,2020,234,186,5,58,120
08/23/2020,2020,235,183,5,59,115
08/24/2020,2020,236,178,6,56,109
08/25/2020,2020,237,214,5,75,127
08/26/2020,2020,238,226,1,77,138
08/27/2020,2020,239,224,7,59,155
08/28/2020,2020,240,220,1,65,151
08/29/2020,2020,241,168,5,53,105
08/30/2020,2020,242,192,6,53,128
08/31/2020,2020,243,173,5,35,128
09/01/2020,2020,244,229,1,68,154
09/02/2020,2020,245,199,4,55,134
09/03/2020,2020,246,183,6,54,118
09/04/2020,2020,247,200,3,53,137
09/05/2020,2020,248,210,0,59,146
09/06/2020,2020,249,185,3,50,125
09/07/2020,2020,250,198,3,69,121
09/08/2020,2020,251,240,4,78,144
09/09/2020,2020,252,173,7,45,118
09/10/2020,2020,253,224,0,62,156
09/11/2020,2020,254,165,4,47,107
09/12/2020,2020,255,215,6,60,141
09/13/2020,2020,256,191,2,49,136
09/14/2020,2020,257,177,1,51,122
09/15/2020,2020,258,216,3,54,150
09/16/2020,2020,259,203,2,63,128
09/17/2020,2020,260,223,4,69,142
09/18/2020,2020,261,216,8,64,140
09/19/2020,2020,262,197,4,51,138
09/20/2020,2020,263,231,5,67,154
09/21/2020,2020,264,198,4,50,142
09/22/2020,2020,265,179,2,58,113
09/23/2020,2020,266,192,0,42,144
09/24/2020,2020,267,192,4,51,130
09/25/2020,2020,268,220,4,46,166
09/26/2020,2020,269,209,4,93,107
09/27/2020,2020,270,191,5,49,134
09/28/2020,2020,271,172,3,44,121
09/29/2020,2020,272,203,3,58,136
09/30/2020,2020,273,206,2,55,143
10/01/2020,2020,274,286,8,69,204
10/02/2020,2020,275,252,6,59,174
10/03/2020,2020,276,190,5,50,127
10/04/2020,2020,277,200,7,49,139
10/05/2020,2020,278,207,2,47,151
10/06/2020,2020,279,198,0,52,139
10/07/2020,2020,280,204,4,52,142
10/08/2020,2020,281,237,9,63,158
10/09/2020,2020,282,212,5,60,138
10/10/2020,2020,283,188,3,48,129
10/11/2020,2020,284,189,8,44,132
10/12/2020,2020,285,232,3,59,165
10/13/2020,2020,286,230,2,64,157
10/14/2020,2020,287,187,6,54,119
10/15/2020,2020,288,215,8,70,129
10/16/2020,2020,289,232,1,54,171
10/17/2020,2020,290,198,5,55,129
10/18/2020,2020,291,208,9,53,141
10/19/2020,2020,292,176,4,43,124
10/20/2020,2020,293,191,3,50,134
10/21/2020,2020,294,229,6,67,145
10/22/2020,2020,295,214,4,63,139
10/23/2020,2020,296,222,7,46,161
10/24/2020,2020,297,185,2,51,124
10/25/2020,2020,298,171,3,47,114
10/26/2020,2020,299,214,2,61,146
10/27/2020,2020,300,198,3,50,136
10/28/2020,2020,301,214,7,64,133
10/29/2020,2020,302,196,6,59,126
10/30/2020,2020,303,216,5,66,133
10/31/2020,2020,304,229,5,71,147
11/01/2020,2020,305,231,4,67,152
11/02/2020,2020,306,188,4,43,130
11/03/2020,2020,307,200,9,69,112
11/04/2020,2020,308,159,1,56,99
11/05/2020,2020,309,184,1,51,130
11/06/2020,2020,310,251,5,63,172
11/07/2020,2020,311,185,6,45,128
11/08/2020,2020,312,169,3,33,124
11/09/2020,2020,313,177,2,44,127
11/10/2020,2020,314,166,6,45,106
11/11/2020,2020,315,180,10,44,117
11/12/2020,2020,316,182,6,47,123
11/13/2020,2020,317,227,11,36,170
11/14/2020,2020,318,155,6,34,109
11/15/2020,2020,319,193,6,44,136
11/16/2020,2020,320,200,8,58,130
11/17/2020,2020,321,195,2,53,137
11/18/2020,2020,322,189,2,43,138
11/19/2020,2020,323,186,7,48,126
11/20/2020,2020,324,210,7,68,128
11/21/2020,2020,325,203,4,60,128
11/22/2020,2020,326,157,4,32,116
11/23/2020,2020,327,163,5,35,113
11/24/2020,2020,328,183,4,39,137
11/25/2020,2020,329,171,4,39,122
11/26/2020,2020,330,179,5,38,131
11/27/2020,2020,331,205,4,49,143
11/28/2020,2020,332,178,2,40,131
11/29/2020,2020,333,161,3,33,120
11/30/2020,2020,334,188,3,39,141
12/01/2020,2020,335,219,2,51,162
12/02/2020,2020,336,181,6,44,127
12/03/2020,2020,337,217,7,55,145
12/04/2020,2020,338,183,11,45,123
12/05/2020,2020,339,211,9,54,144
12/06/2020,2020,340,200,2,49,140
12/07/2020,2020,341,205,1,48,150
12/08/2020,2020,342,187,2,39,141
12/09/2020,2020,343,175,5,41,125
12/10/2020,2020,344,182,4,41,130
12/11/2020,2020,345,212,3,50,152
12/12/2020,2020,346,204,4,43,155
12/13/2020,2020,347,195,7,46,135
12/14/2020,2020,348,210,5,53,146
12/15/2020,2020,349,165,1,43,117
12/16/2020,2020,350,198,5,62,129
12/17/2020,2020,351,185,3,46,133
12/18/2020,2020,352,240,1,69,164
12/19/2020,2020,353,218,4,43,167
12/20/2020,2020,354,212,6,47,151
12/21/2020,2020,355,189,7,53,123
12/22/2020,2020,356,187,4,50,123
12/23/2020,2020,357,170,6,30,128
12/24/2020,2020,358,183,3,35,141
12/25/2020,2020,359,159,4,53,95
12/26/2020,2020,360,154,5,39,102
12/27/2020,2020,361,187,4,62,116
12/28/2020,2020,362,193,4,34,150
12/29/2020,2020,363,175,3,47,118
12/30/2020,2020,364,179,6,44,125
12/31/2020,2020,365,193,5,56,125
01/01/2021,2021,1,239,10,54,169
01/02/2021,2021,2,164,4,34,121
01/03/2021,2021,3,179,3,49,122
01/04/2021,2021,4,203,4,64,130
01/05/2021,2021,5,158,4,46,103
01/06/2021,2021,6,193,10,51,119
01/07/2021,2021,7,211,7,52,143
01/08/2021,2021,8,170,8,41,115
01/09/2021,2021,9,170,2,56,108
01/10/2021,2021,10,167,2,49,112
01/11/2021,2021,11,191,10,49,129
01/12/2021,2021,12,152,1,31,118
01/13/2021,2021,13,188,6,46,131
01/14/2021,2021,14,161,10,44,104
01/15/2021,2021,15,206,5,54,139
01/16/2021,2021,16,190,6,48,125
01/17/2021,2021,17,163,1,51,105
01/18/2021,2021,18,176,3,51,115
01/19/2021,2021,19,184,8,46,123
01/20/2021,2021,20,197,6,59,125
01/21/2021,2021,21,201,6,44,141
01/22/2021,2021,22,196,9,54,128
01/23/2021,2021,23,170,5,43,120
01/24/2021,2021,24,160,7,48,97
01/25/2021,2021,25,152,4,40,104
01/26/2021,2021,26,171,5,57,100
01/27/2021,2021,27,160,7,42,106
01/28/2021,2021,28,171,8,52,100
01/29/2021,2021,29,199,4,60,132
01/30/2021,2021,30,199,6,54,130
01/31/2021,2021,31,170,4,44,118
02/01/2021,2021,32,244,5,66,162
02/02/2021,2021,33,177,4,39,128
02/03/2021,2021,34,189,12,56,115
02/04/2021,2021,35,168,3,52,109
02/05/2021,2021,36,194,4,49,132
02/06/2021,2021,37,194,6,56,129
02/07/2021,2021,38,165,6,40,109
02/08/2021,2021,39,163,5,53,100
02/09/2021,2021,40,155,5,48,96
02/10/2021,2021,41,202,8,57,133
02/11/2021,2021,42,146,6,32,104
02/12/2021,2021,43,181,5,48,122
02/13/2021,2021,44,112,2,32,75
02/14/2021,2021,45,148,0,53,92
02/15/2021,2021,46,169,6,56,101
02/16/2021,2021,47,143,3,37,99
02/17/2021,2021,48,191,6,61,121
02/18/2021,2021,49,172,5,51,112
02/19/2021,2021,50,209,1,62,138
02/20/2021,2021,51,170,7,45,112
02/21/2021,2021,52,165,4,45,110
02/22/2021,2021,53,172,2,62,102
02/23/2021,2021,54,183,8,54,115
02/24/2021,2021,55,213,16,47,142
02/25/2021,2021,56,196,11,51,131
02/26/2021,2021,57,183,5,62,112
02/27/2021,2021,58,160,6,40,109
02/28/2021,2021,59,192,3,56,129
03/01/2021,2021,60,258,3,74,175
03/02/2021,2021,61,179,3,59,110
03/03/2021,2021,62,190,10,67,105
03/04/2021,2021,63,181,4,53,117
03/05/2021,2021,64,236,1,62,166
03/06/2021,2021,65,196,6,53,129
03/07/2021,2021,66,153,5,43,102
03/08/2021,2021,67,151,0,43,106
03/09/2021,2021,68,192,2,52,131
03/10/2021,2021,69,175,3,45,123
03/11/2021,2021,70,167,0,42,119
03/12/2021,2021,71,187,2,48,131
03/13/2021,2021,72,173,2,46,114
03/14/2021,2021,73,150,3,44,100
03/15/2021,2021,74,208,0,56,146
03/16/2021,2021,75,169,3,44,111
03/17/2021,2021,76,153,2,48,96
03/18/2021,2021,77,177,2,44,127
03/19/2021,2021,78,183,2,56,121
03/20/2021,2021,79,147,2,42,99
03/21/2021,2021,80,137,3,46,82
03/22/2021,2021,81,153,0,54,95
03/23/2021,2021,82,155,1,41,109
03/24/2021,2021,83,163,5,47,100
03/25/2021,2021,84,168,2,46,114
03/26/2021,2021,85,147,3,37,101
03/27/2021,2021,86,170,5,43,119
03/28/2021,2021,87,148,4,51,89
03/29/2021,2021,88,164,0,42,117
03/30/2021,2021,89,146,3,37,98
03/31/2021,2021,90,165,2,52,105
04/01/2021,2021,91,220,1,53,160
04/02/2021,2021,92,177,3,44,124
04/03/2021,2021,93,182,5,53,120
04/04/2021,2021,94,151,3,43,100
04/05/2021,2021,95,158,2,49,103
04/06/2021,2021,96,159,1,46,109
04/07/2021,2021,97,160,4,48,103
04/08/2021,2021,98,161,1,32,122
04/09/2021,2021,99,189,5,59,124
04/10/2021,2021,100,177,6,54,110
04/11/2021,2021,101,132,3,38,87
04/12/2021,2021,102,154,4,41,103
04/13/2021,2021,103,176,2,50,116
04/14/2021,2021,104,129,4,33,86
04/15/2021,2021,105,165,4,54,100
04/16/2021,2021,106,200,4,67,124
04/17/2021,2021,107,174,4,53,110
04/18/2021,2021,108,176,7,59,104
04/19/2021,2021,109,190,3,60,119
04/20/2021,2021,110,184,3,53,123
04/21/2021,2021,111,161,3,45,105
04/22/2021,2021,112,170,2,64,100
04/23/2021,2021,113,172,3,42,121
04/24/2021,2021,114,159,2,43,110
04/25/2021,2021,115,176,6,40,123
04/26/2021,2021,116,164,2,50,108
04/27/2021,2021,117,155,4,37,110
04/28/2021,2021,118,171,3,34,130
04/29/2021,2021,119,188,9,62,110
04/30/2021,2021,120,172,3,42,122
05/01/2021,2021,121,193,4,75,106
05/02/2021,2021,122,157,2,52,95
05/03/2021,2021,123,175,5,55,107
05/04/2021,2021,124,184,2,59,114
05/05/2021,2021,125,184,1,53,125
05/06/2021,2021,126,168,5,65,93
05/07/2021,2021,127,188,1,50,126
05/08/2021,2021,128,171,3,49,116
05/09/2021,2021,129,202,3,73,116
05/10/2021,2021,130,230,5,49,172
05/11/2021,2021,131,166,0,53,112
05/12/2021,2021,132,189,3,61,122
05/13/2021,2021,133,147,3,35,105
05/14/2021,2021,134,204,1,61,135
05/15/2021,2021,135,190,2,64,117
05/16/2021,2021,136,182,3,51,123
05/17/2021,2021,137,171,5,33,128
05/18/2021,2021,138,184,3,51,122
05/19/2021,2021,139,160,3,40,111
05/20/2021,2021,140,186,5,60,118
05/21/2021,2021,141,218,4,66,144
05/22/2021,2021,142,164,3,52,104
05/23/2021,2021,143,177,4,57,106
05/24/2021,2021,144,202,3,50,148
05/25/2021,2021,145,173,0,43,126
05/26/2021,2021,146,219,4,42,167
05/27/2021,2021,147,201,7,54,128
05/28/2021,2021,148,215,1,70,136
05/29/2021,2021,149,210,11,55,138
05/30/2021,2021,150,184,5,64,109
05/31/2021,2021,151,204,6,62,123
06/01/2021,2021,152,255,2,77,171
06/02/2021,2021,153,174,7,52,109
06/03/2021,2021,154,156,4,60,89
06/04/2021,2021,155,203,3,68,128
06/05/2021,2021,156,213,2,72,133
06/06/2021,2021,157,178,3,43,127
06/07/2021,2021,158,185,5,59,114
06/08/2021,2021,159,169,3,52,108
06/09/2021,2021,160,230,6,48,165
06/10/2021,2021,161,218,1,70,135
06/11/2021,2021,162,191,2,54,130
06/12/2021,2021,163,191,5,59,123
06/13/2021,2021,164,173,3,50,114
06/14/2021,2021,165,200,1,48,146
06/15/2021,2021,166,194,1,58,127
06/16/2021,2021,167,194,2,63,125
06/17/2021,2021,168,198,5,54,130
06/18/2021,2021,169,200,3,59,135
06/19/2021,2021,170,190,2,66,119
06/20/2021,2021,171,171,6,49,108
06/21/2021,2021,172,162,2,53,98
06/22/2021,2021,173,200,0,71,122
06/23/2021,2021,174,163,2,37,120
06/24/2021,2021,175,172,3,51,113
06/25/2021,2021,176,176,2,64,102
06/26/2021,2021,177,213,2,62,139
06/27/2021,2021,178,169,4,70,92
06/28/2021,2021,179,181,3,60,116
06/29/2021,2021,180,160,3,52,99
06/30/2021,2021,181,183,5,74,102
07/01/2021,2021,182,199,2,60,131
07/02/2021,2021,183,218,1,64,147
07/03/2021,2021,184,209,5,50,152
07/04/2021,2021,185,240,9,76,141
07/05/2021,2021,186,208,5,68,125
07/06/2021,2021,187,182,5,64,108
07/07/2021,2021,188,194,6,48,135
07/08/2021,2021,189,213,2,85,122
07/09/2021,2021,190,203,6,64,125
07/10/2021,2021,191,214,6,58,144
07/11/2021,2021,192,194,4,73,113
07/12/2021,2021,193,179,3,61,109
07/13/2021,2021,194,195,2,64,118
07/14/2021,2021,195,207,3,76,124
07/15/2021,2021,196,189,2,51,129
07/16/2021,2021,197,229,6,72,146
07/17/2021,2021,198,203,4,61,134
07/18/2021,2021,199,187,5,70,109
07/19/2021,2021,200,190,2,63,119
07/20/2021,2021,201,146,1,51,88
07/21/2021,2021,202,187,3,63,115
07/22/2021,2021,203,187,5,61,110
07/23/2021,2021,204,195,6,56,126
07/24/2021,2021,205,194,2,64,118
07/25/2021,2021,206,199,4,56,135
07/26/2021,2021,207,184,4,66,105
07/27/2021,2021,208,198,8,51,132
07/28/2021,2021,209,204,2,68,128
07/29/2021,2021,210,234,2,85,134
07/30/2021,2021,211,230,4,69,151
07/31/2021,2021,212,215,8,56,146
08/01/2021,2021,213,243,6,76,157
08/02/2021,2021,214,189,2,50,132
08/03/2021,2021,215,209,8,63,132
08/04/2021,2021,216,193,0,68,120
08/05/2021,2021,217,200,3,61,129
08/06/2021,2021,218,174,4,46,119
08/07/2021,2021,219,179,7,57,104
08/08/2021,2021,220,197,2,73,115
08/09/2021,2021,221,180,2,53,123
08/10/2021,2021,222,200,3,69,115
08/11/2021,2021,223,182,2,50,126
08/12/2021,2021,224,190,6,60,118
08/13/2021,2021,225,227,3,68,152
08/14/2021,2021,226,187,7,66,105
08/15/2021,2021,227,176,4,56,108
08/16/2021,2021,228,209,4,60,139
08/17/2021,2021,229,195,4,61,122
08/18/2021,2021,230,178,4,63,100
08/19/2021,2021,231,222,0,61,154
08/20/2021,2021,232,193,3,53,132
08/21/2021,2021,233,248,4,89,150
08/22/2021,2021,234,190,2,55,125
08/23/2021,2021,235,222,4,65,143
08/24/2021,2021,236,192,4,52,129
08/25/2021,2021,237,192,2,59,123
08/26/2021,2021,238,221,6,60,148
08/27/2021,2021,239,186,1,53,127
08/28/2021,2021,240,219,5,81,129
08/29/2021,2021,241,208,2,61,139
08/30/2021,2021,242,216,1,59,152
08/31/2021,2021,243,198,0,49,142
09/01/2021,2021,244,232,2,62,161
09/02/2021,2021,245,197,4,59,129
09/03/2021,2021,246,216,1,60,146
09/04/2021,2021,247,210,4,68,133
09/05/2021,2021,248,183,4,59,114
09/06/2021,2021,249,177,2,50,120
09/07/2021,2021,250,219,1,76,135
09/08/2021,2021,251,210,4,68,133
09/09/2021,2021,252,182,2,57,112
09/10/2021,2021,253,203,3,64,131
09/11/2021,2021,254,227,3,67,148
09/12/2021,2021,255,221,6,68,138
09/13/2021,2021,256,202,2,47,149
09/14/2021,2021,257,204,0,54,142
09/15/2021,2021,258,178,4,41,128
09/16/2021,2021,259,199,5,55,132
09/17/2021,2021,260,266,5,66,186
09/18/2021,2021,261,210,4,48,150
09/19/2021,2021,262,247,4,54,183
09/20/2021,2021,263,193,3,48,138
09/21/2021,2021,264,204,2,58,140
09/22/2021,2021,265,215,2,54,154
09/23/2021,2021,266,188,3,48,129
09/24/2021,2021,267,248,8,63,172
09/25/2021,2021,268,229,6,70,148
09/26/2021,2021,269,221,6,65,138
09/27/2021,2021,270,222,3,64,152
09/28/2021,2021,271,237,3,71,153
09/29/2021,2021,272,202,4,57,137
09/30/2021,2021,273,198,2,55,135
10/01/2021,2021,274,279,2,78,196
10/02/2021,2021,275,231,8,60,156
10/03/2021,2021,276,224,3,64,151
10/04/2021,2021,277,190,1,56,126
10/05/2021,2021,278,198,1,47,142
10/06/2021,2021,279,218,1,62,149
10/07/2021,2021,280,216,1,56,152
10/08/2021,2021,281,254,4,76,166
10/09/2021,2021,282,204,2,50,144
10/10/2021,2021,283,203,3,69,124
10/11/2021,2021,284,200,0,59,135
10/12/2021,2021,285,205,4,57,140
10/13/2021,2021,286,213,4,61,142
10/14/2021,2021,287,206,7,63,127
10/15/2021,2021,288,210,3,44,160
10/16/2021,2021,289,209,4,59,140
10/17/2021,2021,290,245,5,62,167
10/18/2021,2021,291,230,2,63,156
10/19/2021,2021,292,207,2,60,141
10/20/2021,2021,293,231,0,65,161
10/21/2021,2021,294,213,4,65,140
10/22/2021,2021,295,238,5,70,156
10/23/2021,2021,296,223,7,63,148
10/24/2021,2021,297,232,1,72,150
10/25/2021,2021,298,240,2,69,164
10/26/2021,2021,299,237,1,68,164
10/27/2021,2021,300,218,4,61,149
10/28/2021,2021,301,224,4,64,151
10/29/2021,2021,302,251,4,66,174
10/30/2021,2021,303,199,3,57,130
10/31/2021,2021,304,215,5,60,145
11/01/2021,2021,305,290,6,66,210
11/02/2021,2021,306,210,1,56,145
11/03/2021,2021,307,218,6,65,143
11/04/2021,2021,308,226,3,61,156
11/05/2021,2021,309,257,3,77,172
11/06/2021,2021,310,260,7,68,178
11/07/2021,2021,311,198,10,48,130
11/08/2021,2021,312,198,2,64,125
11/09/2021,2021,313,190,4,45,138
11/10/2021,2021,314,211,6,53,145
11/11/2021,2021,315,204,1,62,132
11/12/2021,2021,316,212,2,52,148
11/13/2021,2021,317,224,10,54,155
11/14/2021,2021,318,181,2,56,115
11/15/2021,2021,319,200,1,62,129
11/16/2021,2021,320,216,4,58,146
11/17/2021,2021,321,235,5,74,148
11/18/2021,2021,322,213,4,53,141
11/19/2021,2021,323,195,3,53,134
11/20/2021,2021,324,197,1,53,138
11/21/2021,2021,325,186,2,43,134
11/22/2021,2021,326,206,2,52,140
11/23/2021,2021,327,180,0,49,124
11/24/2021,2021,328,245,3,72,163
11/25/2021,2021,329,194,4,50,131
11/26/2021,2021,330,208,3,63,139
11/27/2021,2021,331,219,3,54,156
11/28/2021,2021,332,213,4,65,134
11/29/2021,2021,333,208,4,59,137
11/30/2021,2021,334,247,8,71,161
12/01/2021,2021,335,231,2,64,159
12/02/2021,2021,336,250,5,79,157
12/03/2021,2021,337,216,3,69,137
12/04/2021,2021,338,200,3,71,122
12/05/2021,2021,339,224,4,72,143
12/06/2021,2021,340,176,6,39,126
12/07/2021,2021,341,193,5,65,117
12/08/2021,2021,342,201,5,60,127
12/09/2021,2021,343,187,3,41,134
12/10/2021,2021,344,212,1,61,145
12/11/2021,2021,345,226,7,74,138
12/12/2021,2021,346,176,6,61,101
12/13/2021,2021,347,195,2,64,123
12/14/2021,2021,348,192,1,51,136
12/15/2021,2021,349,253,10,55,175
12/16/2021,2021,350,192,5,58,114
12/17/2021,2021,351,227,6,60,157
12/18/2021,2021,352,192,8,53,125
12/19/2021,2021,353,200,5,68,124
12/20/2021,2021,354,216,5,50,158
12/21/2021,2021,355,239,2,77,155
12/22/2021,2021,356,181,3,39,136
12/23/2021,2021,357,196,0,60,134
12/24/2021,2021,358,217,4,49,162
12/25/2021,2021,359,163,2,53,105
12/26/2021,2021,360,171,7,60,101
12/27/2021,2021,361,135,2,37,88
12/28/2021,2021,362,141,2,49,87
12/29/2021,2021,363,162,1,40,113
12/30/2021,2021,364,179,3,39,132
12/31/2021,2021,365,194,3,46,141
