ARREST_DATE,year,day,Total,Drugs,Violent,Theft,Others
1/1/2018,2018,1,245,15,135,69,37
1/2/2018,2018,2,154,12,109,15,26
1/3/2018,2018,3,160,15,100,22,26
1/4/2018,2018,4,171,20,112,23,29
1/5/2018,2018,5,185,19,120,32,26
1/6/2018,2018,6,187,23,107,38,34
1/7/2018,2018,7,151,14,106,19,20
1/8/2018,2018,8,176,17,125,25,24
1/9/2018,2018,9,175,12,115,29,32
1/10/2018,2018,10,166,13,119,19,25
1/11/2018,2018,11,172,13,116,22,29
1/12/2018,2018,12,220,19,147,16,46
1/13/2018,2018,13,183,13,124,30,24
1/14/2018,2018,14,178,9,114,29,34
1/15/2018,2018,15,187,13,132,20,30
1/16/2018,2018,16,187,12,130,21,33
1/17/2018,2018,17,200,18,124,17,44
1/18/2018,2018,18,227,24,139,33,46
1/19/2018,2018,19,177,25,106,21,32
1/20/2018,2018,20,160,12,113,31,18
1/21/2018,2018,21,166,15,114,21,22
1/22/2018,2018,22,156,16,102,20,29
1/23/2018,2018,23,177,11,117,26,31
1/24/2018,2018,24,178,21,111,20,37
1/25/2018,2018,25,203,20,131,28,32
1/26/2018,2018,26,200,16,129,28,37
1/27/2018,2018,27,185,13,136,18,23
1/28/2018,2018,28,169,10,111,32,26
1/29/2018,2018,29,190,19,129,25,26
1/30/2018,2018,30,204,18,124,26,44
1/31/2018,2018,31,185,21,108,15,46
2/1/2018,2018,32,239,20,151,42,38
2/2/2018,2018,33,189,18,113,27,35
2/3/2018,2018,34,153,14,98,26,22
2/4/2018,2018,35,176,14,107,29,31
2/5/2018,2018,36,182,17,117,27,30
2/6/2018,2018,37,192,18,117,22,43
2/7/2018,2018,38,169,19,108,17,29
2/8/2018,2018,39,176,22,103,28,28
2/9/2018,2018,40,180,16,113,26,35
2/10/2018,2018,41,173,8,109,42,28
2/11/2018,2018,42,140,11,98,27,18
2/12/2018,2018,43,166,15,103,21,33
2/13/2018,2018,44,169,15,113,24,25
2/14/2018,2018,45,162,13,109,25,25
2/15/2018,2018,46,162,23,105,26,21
2/16/2018,2018,47,170,19,108,22,26
2/17/2018,2018,48,143,10,91,25,26
2/18/2018,2018,49,139,14,85,26,20
2/19/2018,2018,50,180,14,129,20,25
2/20/2018,2018,51,175,17,124,17,24
2/21/2018,2018,52,173,16,120,20,26
2/22/2018,2018,53,145,13,91,20,28
2/23/2018,2018,54,156,18,94,21,28
2/24/2018,2018,55,132,13,78,15,28
2/25/2018,2018,56,141,11,93,27,18
2/26/2018,2018,57,163,15,112,16,25
2/27/2018,2018,58,161,18,101,24,24
2/28/2018,2018,59,144,17,99,13,19
3/1/2018,2018,60,214,23,118,30,45
3/2/2018,2018,61,168,25,94,17,35
3/3/2018,2018,62,145,9,100,23,22
3/4/2018,2018,63,144,11,80,39,23
3/5/2018,2018,64,146,15,102,13,18
3/6/2018,2018,65,165,23,100,23,27
3/7/2018,2018,66,159,16,100,19,31
3/8/2018,2018,67,166,24,99,22,28
3/9/2018,2018,68,171,22,97,28,28
3/10/2018,2018,69,153,9,112,20,21
3/11/2018,2018,70,184,19,116,30,26
3/12/2018,2018,71,158,11,102,25,29
3/13/2018,2018,72,138,16,82,24,25
3/14/2018,2018,73,143,15,95,15,23
3/15/2018,2018,74,161,20,100,28,22
3/16/2018,2018,75,142,18,92,26,14
3/17/2018,2018,76,158,13,108,18,26
3/18/2018,2018,77,133,8,97,22,14
3/19/2018,2018,78,157,19,90,28,28
3/20/2018,2018,79,146,14,89,26,27
3/21/2018,2018,80,169,15,109,19,30
3/22/2018,2018,81,152,31,82,22,22
3/23/2018,2018,82,171,29,90,28,26
3/24/2018,2018,83,160,9,103,27,28
3/25/2018,2018,84,165,8,117,24,21
3/26/2018,2018,85,191,19,127,20,33
3/27/2018,2018,86,173,25,100,28,26
3/28/2018,2018,87,174,15,103,30,35
3/29/2018,2018,88,186,12,131,24,26
3/30/2018,2018,89,170,11,118,24,25
3/31/2018,2018,90,156,17,86,31,30
4/1/2018,2018,91,184,8,115,38,30
4/2/2018,2018,92,187,9,130,31,27
4/3/2018,2018,93,147,15,81,28,28
4/4/2018,2018,94,158,22,92,16,33
4/5/2018,2018,95,177,20,111,31,25
4/6/2018,2018,96,150,10,100,23,23
4/7/2018,2018,97,155,12,97,33,26
4/8/2018,2018,98,126,7,88,24,14
4/9/2018,2018,99,168,8,115,18,29
4/10/2018,2018,100,159,13,104,26,24
4/11/2018,2018,101,167,25,114,15,17
4/12/2018,2018,102,161,18,91,37,26
4/13/2018,2018,103,156,20,101,17,22
4/14/2018,2018,104,148,17,88,30,17
4/15/2018,2018,105,136,10,85,22,21
4/16/2018,2018,106,168,20,105,18,32
4/17/2018,2018,107,171,15,102,23,42
4/18/2018,2018,108,161,23,102,19,27
4/19/2018,2018,109,175,25,105,23,26
4/20/2018,2018,110,199,26,116,21,41
4/21/2018,2018,111,169,10,109,35,27
4/22/2018,2018,112,156,17,99,30,16
4/23/2018,2018,113,143,9,99,20,20
4/24/2018,2018,114,171,18,95,26,39
4/25/2018,2018,115,190,15,121,24,38
4/26/2018,2018,116,149,14,98,27,22
4/27/2018,2018,117,186,13,118,25,35
4/28/2018,2018,118,169,17,102,27,28
4/29/2018,2018,119,145,10,98,18,26
4/30/2018,2018,120,162,13,109,23,27
5/1/2018,2018,121,227,18,149,40,33
5/2/2018,2018,122,178,21,108,22,34
5/3/2018,2018,123,145,21,94,17,18
5/4/2018,2018,124,169,16,109,19,31
5/5/2018,2018,125,182,12,120,35,28
5/6/2018,2018,126,150,15,90,34,23
5/7/2018,2018,127,164,17,95,32,31
5/8/2018,2018,128,187,16,115,33,28
5/9/2018,2018,129,162,14,98,26,35
5/10/2018,2018,130,170,25,112,16,22
5/11/2018,2018,131,179,22,112,27,28
5/12/2018,2018,132,189,16,122,26,31
5/13/2018,2018,133,144,10,101,23,22
5/14/2018,2018,134,197,14,127,27,36
5/15/2018,2018,135,187,21,123,21,31
5/16/2018,2018,136,174,18,112,17,31
5/17/2018,2018,137,168,14,105,29,27
5/18/2018,2018,138,203,20,118,28,40
5/19/2018,2018,139,167,9,113,34,19
5/20/2018,2018,140,153,9,104,28,20
5/21/2018,2018,141,179,16,110,24,36
5/22/2018,2018,142,180,11,115,24,39
5/23/2018,2018,143,174,26,106,24,26
5/24/2018,2018,144,161,16,104,19,27
5/25/2018,2018,145,181,16,114,21,34
5/26/2018,2018,146,169,11,91,31,38
5/27/2018,2018,147,124,8,81,25,17
5/28/2018,2018,148,157,13,101,27,21
5/29/2018,2018,149,168,16,112,30,17
5/30/2018,2018,150,153,16,105,18,19
5/31/2018,2018,151,153,16,97,19,26
6/1/2018,2018,152,227,21,141,33,37
6/2/2018,2018,153,152,10,96,27,24
6/3/2018,2018,154,137,15,86,24,19
6/4/2018,2018,155,189,5,137,24,28
6/5/2018,2018,156,179,14,105,36,34
6/6/2018,2018,157,182,24,109,26,29
6/7/2018,2018,158,149,19,97,21,21
6/8/2018,2018,159,183,16,126,24,25
6/9/2018,2018,160,160,8,106,32,24
6/10/2018,2018,161,145,12,93,28,20
6/11/2018,2018,162,126,12,88,18,16
6/12/2018,2018,163,150,15,103,19,17
6/13/2018,2018,164,186,23,111,27,31
6/14/2018,2018,165,181,12,114,26,33
6/15/2018,2018,166,189,28,114,25,31
6/16/2018,2018,167,155,9,108,32,18
6/17/2018,2018,168,173,14,114,26,22
6/18/2018,2018,169,156,20,95,20,30
6/19/2018,2018,170,160,19,93,21,35
6/20/2018,2018,171,156,12,96,28,29
6/21/2018,2018,172,182,22,112,18,34
6/22/2018,2018,173,152,12,85,28,33
6/23/2018,2018,174,152,23,88,23,22
6/24/2018,2018,175,146,10,99,27,20
6/25/2018,2018,176,150,13,94,22,26
6/26/2018,2018,177,157,11,99,23,28
6/27/2018,2018,178,141,14,86,19,28
6/28/2018,2018,179,170,11,98,25,38
6/29/2018,2018,180,187,14,113,25,38
6/30/2018,2018,181,151,10,99,24,24
7/1/2018,2018,182,201,9,142,34,30
7/2/2018,2018,183,184,13,122,26,31
7/3/2018,2018,184,187,13,116,31,35
7/4/2018,2018,185,142,13,96,27,15
7/5/2018,2018,186,166,17,93,35,33
7/6/2018,2018,187,141,14,91,21,25
7/7/2018,2018,188,155,11,98,24,29
7/8/2018,2018,189,142,4,98,23,27
7/9/2018,2018,190,182,9,128,29,24
7/10/2018,2018,191,175,15,109,28,30
7/11/2018,2018,192,163,19,102,28,26
7/12/2018,2018,193,169,21,99,32,25
7/13/2018,2018,194,176,15,104,30,31
7/14/2018,2018,195,143,13,83,28,26
7/15/2018,2018,196,154,7,98,24,28
7/16/2018,2018,197,181,13,117,23,39
7/17/2018,2018,198,144,14,102,23,13
7/18/2018,2018,199,163,18,107,24,22
7/19/2018,2018,200,150,15,94,26,21
7/20/2018,2018,201,163,20,92,24,34
7/21/2018,2018,202,153,12,90,36,25
7/22/2018,2018,203,137,9,96,23,17
7/23/2018,2018,204,178,11,119,35,21
7/24/2018,2018,205,146,7,97,21,27
7/25/2018,2018,206,156,16,98,26,26
7/26/2018,2018,207,155,18,104,18,22
7/27/2018,2018,208,176,11,114,20,35
7/28/2018,2018,209,146,10,96,27,21
7/29/2018,2018,210,176,8,124,31,21
7/30/2018,2018,211,165,10,109,29,27
7/31/2018,2018,212,145,15,99,16,24
8/1/2018,2018,213,212,28,120,41,32
8/2/2018,2018,214,150,20,86,27,22
8/3/2018,2018,215,178,14,124,25,22
8/4/2018,2018,216,138,10,92,32,16
8/5/2018,2018,217,162,9,101,32,28
8/6/2018,2018,218,152,11,103,24,22
8/7/2018,2018,219,174,25,104,25,27
8/8/2018,2018,220,157,21,99,19,23
8/9/2018,2018,221,186,22,121,26,22
8/10/2018,2018,222,206,22,142,20,27
8/11/2018,2018,223,146,14,92,23,24
8/12/2018,2018,224,156,4,109,25,23
8/13/2018,2018,225,172,14,112,29,26
8/14/2018,2018,226,194,30,125,28,20
8/15/2018,2018,227,182,22,119,22,23
8/16/2018,2018,228,194,28,120,28,26
8/17/2018,2018,229,166,14,92,35,36
8/18/2018,2018,230,153,6,104,29,25
8/19/2018,2018,231,125,9,88,20,15
8/20/2018,2018,232,174,14,113,28,30
8/21/2018,2018,233,189,16,120,20,41
8/22/2018,2018,234,182,15,117,30,33
8/23/2018,2018,235,186,25,113,28,29
8/24/2018,2018,236,209,17,138,34,26
8/25/2018,2018,237,173,8,125,26,18
8/26/2018,2018,238,156,8,105,35,17
8/27/2018,2018,239,196,24,122,35,21
8/28/2018,2018,240,165,25,104,22,21
8/29/2018,2018,241,175,12,115,26,29
8/30/2018,2018,242,169,21,103,21,31
8/31/2018,2018,243,177,11,119,24,32
9/1/2018,2018,244,214,12,136,41,28
9/2/2018,2018,245,147,11,95,26,20
9/3/2018,2018,246,163,10,106,30,25
9/4/2018,2018,247,185,20,120,34,21
9/5/2018,2018,248,181,23,99,35,33
9/6/2018,2018,249,153,22,92,17,27
9/7/2018,2018,250,189,22,122,28,22
9/8/2018,2018,251,158,12,103,34,21
9/9/2018,2018,252,165,18,103,33,23
9/10/2018,2018,253,181,16,118,22,32
9/11/2018,2018,254,185,23,117,19,31
9/12/2018,2018,255,174,16,111,32,24
9/13/2018,2018,256,177,19,112,21,30
9/14/2018,2018,257,183,17,120,25,27
9/15/2018,2018,258,168,14,116,25,19
9/16/2018,2018,259,168,13,111,29,21
9/17/2018,2018,260,176,17,111,25,32
9/18/2018,2018,261,185,23,114,31,25
9/19/2018,2018,262,153,15,110,20,19
9/20/2018,2018,263,212,20,147,16,33
9/21/2018,2018,264,195,19,126,32,27
9/22/2018,2018,265,175,20,114,25,22
9/23/2018,2018,266,159,16,109,25,20
9/24/2018,2018,267,181,16,120,24,27
9/25/2018,2018,268,160,14,114,23,22
9/26/2018,2018,269,147,17,92,23,22
9/27/2018,2018,270,188,21,114,30,31
9/28/2018,2018,271,190,21,118,21,36
9/29/2018,2018,272,169,7,117,33,21
9/30/2018,2018,273,178,12,118,35,20
10/1/2018,2018,274,248,16,158,35,46
10/2/2018,2018,275,146,6,100,20,27
10/3/2018,2018,276,193,20,116,23,36
10/4/2018,2018,277,186,19,122,28,27
10/5/2018,2018,278,189,30,109,33,23
10/6/2018,2018,279,186,11,131,28,21
10/7/2018,2018,280,152,7,107,27,18
10/8/2018,2018,281,166,13,107,29,24
10/9/2018,2018,282,163,24,103,21,22
10/10/2018,2018,283,168,14,124,20,17
10/11/2018,2018,284,154,13,113,16,22
10/12/2018,2018,285,171,13,117,24,23
10/13/2018,2018,286,157,15,100,19,29
10/14/2018,2018,287,164,12,112,31,20
10/15/2018,2018,288,188,16,113,33,36
10/16/2018,2018,289,165,17,103,22,31
10/17/2018,2018,290,175,11,125,20,23
10/18/2018,2018,291,187,18,123,27,29
10/19/2018,2018,292,167,14,104,23,32
10/20/2018,2018,293,155,11,104,35,19
10/21/2018,2018,294,172,8,108,38,27
10/22/2018,2018,295,159,11,110,22,30
10/23/2018,2018,296,166,14,116,24,20
10/24/2018,2018,297,218,19,140,33,36
10/25/2018,2018,298,196,22,137,23,23
10/26/2018,2018,299,166,8,117,26,26
10/27/2018,2018,300,163,16,114,28,14
10/28/2018,2018,301,165,13,108,33,18
10/29/2018,2018,302,182,13,122,33,25
10/30/2018,2018,303,194,21,131,32,20
10/31/2018,2018,304,187,14,139,24,18
11/1/2018,2018,305,229,24,157,28,27
11/2/2018,2018,306,201,23,128,20,35
11/3/2018,2018,307,146,13,97,27,18
11/4/2018,2018,308,151,8,104,23,22
11/5/2018,2018,309,179,24,113,24,26
11/6/2018,2018,310,167,20,103,33,22
11/7/2018,2018,311,164,23,106,26,17
11/8/2018,2018,312,176,29,95,25,32
11/9/2018,2018,313,166,16,114,23,23
11/10/2018,2018,314,165,18,104,27,25
11/11/2018,2018,315,151,11,99,25,22
11/12/2018,2018,316,154,18,98,17,29
11/13/2018,2018,317,171,16,121,19,24
11/14/2018,2018,318,171,14,113,21,30
11/15/2018,2018,319,185,20,125,31,22
11/16/2018,2018,320,180,20,120,20,27
11/17/2018,2018,321,176,11,114,39,16
11/18/2018,2018,322,158,10,120,27,16
11/19/2018,2018,323,155,8,106,29,21
11/20/2018,2018,324,177,17,114,22,29
11/21/2018,2018,325,172,10,123,20,28
11/22/2018,2018,326,142,7,99,20,24
11/23/2018,2018,327,175,15,121,24,22
11/24/2018,2018,328,167,20,109,29,17
11/25/2018,2018,329,157,12,114,23,18
11/26/2018,2018,330,192,15,127,30,27
11/27/2018,2018,331,199,17,138,24,29
11/28/2018,2018,332,159,19,101,22,26
11/29/2018,2018,333,187,26,121,22,25
11/30/2018,2018,334,196,20,136,28,21
12/1/2018,2018,335,217,14,141,35,34
12/2/2018,2018,336,186,15,124,26,28
12/3/2018,2018,337,167,12,111,28,29
12/4/2018,2018,338,173,19,106,24,35
12/5/2018,2018,339,173,17,122,16,23
12/6/2018,2018,340,166,20,110,18,23
12/7/2018,2018,341,175,24,119,23,21
12/8/2018,2018,342,157,14,94,31,27
12/9/2018,2018,343,141,10,93,28,19
12/10/2018,2018,344,202,21,128,24,40
12/11/2018,2018,345,178,18,123,22,23
12/12/2018,2018,346,183,17,114,26,36
12/13/2018,2018,347,178,22,113,19,33
12/14/2018,2018,348,213,24,144,20,30
12/15/2018,2018,349,168,15,106,31,25
12/16/2018,2018,350,156,13,108,35,14
12/17/2018,2018,351,192,18,126,32,28
12/18/2018,2018,352,192,21,127,16,34
12/19/2018,2018,353,195,19,129,23,33
12/20/2018,2018,354,183,22,122,19,28
12/21/2018,2018,355,226,18,146,36,33
12/22/2018,2018,356,191,16,123,25,36
12/23/2018,2018,357,181,12,114,35,28
12/24/2018,2018,358,157,7,100,26,34
12/25/2018,2018,359,115,2,76,22,22
12/26/2018,2018,360,134,11,89,17,22
12/27/2018,2018,361,139,16,90,15,23
12/28/2018,2018,362,163,14,104,21,31
12/29/2018,2018,363,161,13,109,27,21
12/30/2018,2018,364,145,16,97,21,17
12/31/2018,2018,365,172,8,121,24,28
1/1/2019,2019,1,231,6,127,58,46
1/2/2019,2019,2,153,18,101,28,19
1/3/2019,2019,3,191,29,125,23,24
1/4/2019,2019,4,189,26,124,23,26
1/5/2019,2019,5,155,16,106,22,19
1/6/2019,2019,6,160,15,112,31,15
1/7/2019,2019,7,164,23,109,20,20
1/8/2019,2019,8,190,35,103,24,34
1/9/2019,2019,9,156,22,88,26,30
1/10/2019,2019,10,199,40,119,21,27
1/11/2019,2019,11,184,27,105,23,37
1/12/2019,2019,12,169,20,120,28,13
1/13/2019,2019,13,142,13,90,29,16
1/14/2019,2019,14,181,26,109,29,31
1/15/2019,2019,15,206,20,147,22,23
1/16/2019,2019,16,177,15,126,25,20
1/17/2019,2019,17,183,27,124,21,19
1/18/2019,2019,18,181,20,117,18,34
1/19/2019,2019,19,187,11,134,28,22
1/20/2019,2019,20,156,15,112,19,17
1/21/2019,2019,21,169,12,124,20,24
1/22/2019,2019,22,194,18,131,21,33
1/23/2019,2019,23,177,22,107,27,34
1/24/2019,2019,24,139,20,95,21,14
1/25/2019,2019,25,163,14,106,27,24
1/26/2019,2019,26,169,19,109,33,17
1/27/2019,2019,27,145,14,97,27,15
1/28/2019,2019,28,158,17,99,19,30
1/29/2019,2019,29,162,12,115,28,18
1/30/2019,2019,30,148,20,95,21,24
1/31/2019,2019,31,167,24,112,24,18
2/1/2019,2019,32,245,19,154,32,43
2/2/2019,2019,33,145,11,95,27,20
2/3/2019,2019,34,146,10,100,26,16
2/4/2019,2019,35,166,16,112,25,21
2/5/2019,2019,36,182,22,120,26,19
2/6/2019,2019,37,171,18,119,23,20
2/7/2019,2019,38,165,17,113,19,22
2/8/2019,2019,39,160,20,108,22,19
2/9/2019,2019,40,163,15,112,25,20
2/10/2019,2019,41,138,15,101,18,13
2/11/2019,2019,42,191,17,134,22,25
2/12/2019,2019,43,179,19,117,30,24
2/13/2019,2019,44,187,25,120,23,29
2/14/2019,2019,45,159,20,112,17,15
2/15/2019,2019,46,204,20,140,19,31
2/16/2019,2019,47,186,17,129,23,25
2/17/2019,2019,48,178,12,120,36,17
2/18/2019,2019,49,178,17,115,23,29
2/19/2019,2019,50,166,15,107,26,28
2/20/2019,2019,51,172,30,103,24,24
2/21/2019,2019,52,166,19,107,19,30
2/22/2019,2019,53,201,25,122,21,39
2/23/2019,2019,54,179,18,114,31,26
2/24/2019,2019,55,202,17,134,30,28
2/25/2019,2019,56,186,18,114,25,35
2/26/2019,2019,57,179,32,108,28,25
2/27/2019,2019,58,183,27,119,12,27
2/28/2019,2019,59,198,40,112,22,28
3/1/2019,2019,60,241,24,147,46,33
3/2/2019,2019,61,186,22,108,28,33
3/3/2019,2019,62,143,7,88,25,27
3/4/2019,2019,63,192,23,105,38,35
3/5/2019,2019,64,170,19,101,23,31
3/6/2019,2019,65,173,25,101,26,30
3/7/2019,2019,66,187,34,106,27,25
3/8/2019,2019,67,184,28,117,22,23
3/9/2019,2019,68,176,22,118,27,16
3/10/2019,2019,69,167,11,110,30,24
3/11/2019,2019,70,160,18,116,13,18
3/12/2019,2019,71,143,25,84,11,25
3/13/2019,2019,72,196,24,119,27,27
3/14/2019,2019,73,156,17,103,19,20
3/15/2019,2019,74,161,18,114,15,18
3/16/2019,2019,75,173,18,113,28,23
3/17/2019,2019,76,156,11,100,23,27
3/18/2019,2019,77,205,24,134,25,25
3/19/2019,2019,78,185,31,110,25,31
3/20/2019,2019,79,182,13,125,26,24
3/21/2019,2019,80,191,23,118,32,25
3/22/2019,2019,81,180,12,117,26,34
3/23/2019,2019,82,161,18,111,18,20
3/24/2019,2019,83,163,10,103,25,29
3/25/2019,2019,84,179,21,116,20,25
3/26/2019,2019,85,213,31,131,33,28
3/27/2019,2019,86,188,23,121,27,22
3/28/2019,2019,87,163,11,104,23,29
3/29/2019,2019,88,223,26,128,42,38
3/30/2019,2019,89,152,19,79,31,28
3/31/2019,2019,90,155,15,100,17,25
4/1/2019,2019,91,219,17,141,34,36
4/2/2019,2019,92,182,28,107,25,26
4/3/2019,2019,93,174,31,99,31,23
4/4/2019,2019,94,192,30,118,27,24
4/5/2019,2019,95,191,31,119,20,28
4/6/2019,2019,96,151,20,96,25,15
4/7/2019,2019,97,144,14,90,20,24
4/8/2019,2019,98,163,29,93,28,21
4/9/2019,2019,99,218,27,145,28,26
4/10/2019,2019,100,190,17,131,23,26
4/11/2019,2019,101,180,23,111,25,28
4/12/2019,2019,102,190,22,116,22,36
4/13/2019,2019,103,178,19,101,43,26
4/14/2019,2019,104,161,16,109,30,17
4/15/2019,2019,105,206,26,123,30,38
4/16/2019,2019,106,164,14,112,20,26
4/17/2019,2019,107,213,23,131,29,38
4/18/2019,2019,108,182,28,108,27,26
4/19/2019,2019,109,202,16,128,26,42
4/20/2019,2019,110,186,19,123,29,23
4/21/2019,2019,111,180,21,109,26,30
4/22/2019,2019,112,171,19,109,19,32
4/23/2019,2019,113,219,26,137,29,36
4/24/2019,2019,114,190,30,119,21,24
4/25/2019,2019,115,223,34,128,25,43
4/26/2019,2019,116,181,29,109,18,29
4/27/2019,2019,117,154,14,112,14,18
4/28/2019,2019,118,161,12,108,26,19
4/29/2019,2019,119,210,22,132,27,36
4/30/2019,2019,120,193,26,119,23,30
5/1/2019,2019,121,228,30,142,30,32
5/2/2019,2019,122,195,23,131,22,20
5/3/2019,2019,123,207,26,130,25,31
5/4/2019,2019,124,187,20,123,19,28
5/5/2019,2019,125,176,16,120,29,18
5/6/2019,2019,126,170,20,105,27,25
5/7/2019,2019,127,187,21,126,21,26
5/8/2019,2019,128,203,48,118,19,22
5/9/2019,2019,129,200,29,116,31,36
5/10/2019,2019,130,219,32,134,25,35
5/11/2019,2019,131,183,26,106,36,22
5/12/2019,2019,132,156,14,99,20,27
5/13/2019,2019,133,189,23,123,21,30
5/14/2019,2019,134,183,28,112,24,26
5/15/2019,2019,135,205,25,133,20,33
5/16/2019,2019,136,214,26,134,22,35
5/17/2019,2019,137,195,25,128,18,28
5/18/2019,2019,138,206,21,134,36,29
5/19/2019,2019,139,158,6,107,32,18
5/20/2019,2019,140,176,20,103,29,34
5/21/2019,2019,141,180,18,112,22,35
5/22/2019,2019,142,204,41,116,21,38
5/23/2019,2019,143,175,19,119,15,25
5/24/2019,2019,144,200,20,127,23,34
5/25/2019,2019,145,188,23,114,23,36
5/26/2019,2019,146,182,15,111,36,30
5/27/2019,2019,147,197,10,144,22,28
5/28/2019,2019,148,189,15,133,26,24
5/29/2019,2019,149,221,21,151,24,40
5/30/2019,2019,150,208,23,131,22,41
5/31/2019,2019,151,179,16,114,20,34
6/1/2019,2019,152,225,19,143,44,31
6/2/2019,2019,153,168,17,120,18,22
6/3/2019,2019,154,206,19,130,27,36
6/4/2019,2019,155,201,21,138,19,28
6/5/2019,2019,156,185,15,126,27,26
6/6/2019,2019,157,199,18,133,25,29
6/7/2019,2019,158,189,12,127,17,38
6/8/2019,2019,159,166,17,106,25,26
6/9/2019,2019,160,151,15,96,37,14
6/10/2019,2019,161,192,15,129,27,30
6/11/2019,2019,162,192,23,123,20,33
6/12/2019,2019,163,163,24,102,26,21
6/13/2019,2019,164,188,27,120,26,20
6/14/2019,2019,165,183,16,111,28,40
6/15/2019,2019,166,197,15,123,32,36
6/16/2019,2019,167,145,12,89,31,19
6/17/2019,2019,168,183,11,109,29,43
6/18/2019,2019,169,192,26,114,22,36
6/19/2019,2019,170,200,25,117,28,34
6/20/2019,2019,171,200,24,129,25,29
6/21/2019,2019,172,202,22,135,22,29
6/22/2019,2019,173,184,13,125,32,26
6/23/2019,2019,174,178,17,122,25,21
6/24/2019,2019,175,201,14,123,39,39
6/25/2019,2019,176,156,19,108,18,18
6/26/2019,2019,177,178,15,113,24,32
6/27/2019,2019,178,180,21,114,25,28
6/28/2019,2019,179,204,27,115,32,35
6/29/2019,2019,180,176,18,118,29,21
6/30/2019,2019,181,171,11,105,44,22
7/1/2019,2019,182,236,18,145,36,44
7/2/2019,2019,183,180,13,122,28,25
7/3/2019,2019,184,175,12,123,26,24
7/4/2019,2019,185,186,10,124,26,30
7/5/2019,2019,186,163,17,107,23,25
7/6/2019,2019,187,156,7,101,29,26
7/7/2019,2019,188,176,23,100,25,32
7/8/2019,2019,189,148,17,98,14,23
7/9/2019,2019,190,190,26,122,26,21
7/10/2019,2019,191,178,27,115,18,23
7/11/2019,2019,192,178,28,112,27,20
7/12/2019,2019,193,172,15,114,25,30
7/13/2019,2019,194,173,18,99,31,31
7/14/2019,2019,195,145,7,101,27,20
7/15/2019,2019,196,180,13,124,28,23
7/16/2019,2019,197,162,21,102,20,24
7/17/2019,2019,198,156,17,98,27,23
7/18/2019,2019,199,184,16,129,20,26
7/19/2019,2019,200,194,26,118,26,30
7/20/2019,2019,201,192,17,134,25,25
7/21/2019,2019,202,171,15,94,41,30
7/22/2019,2019,203,162,11,109,22,28
7/23/2019,2019,204,174,17,109,27,29
7/24/2019,2019,205,169,13,106,20,37
7/25/2019,2019,206,181,15,123,19,29
7/26/2019,2019,207,180,15,117,21,34
7/27/2019,2019,208,173,20,107,31,22
7/28/2019,2019,209,176,15,111,31,25
7/29/2019,2019,210,173,18,108,24,29
7/30/2019,2019,211,175,27,111,25,21
7/31/2019,2019,212,203,24,130,31,30
8/1/2019,2019,213,271,27,176,33,45
8/2/2019,2019,214,186,19,119,29,31
8/3/2019,2019,215,167,10,107,39,24
8/4/2019,2019,216,158,12,90,39,29
8/5/2019,2019,217,186,25,109,25,34
8/6/2019,2019,218,185,30,108,24,28
8/7/2019,2019,219,189,28,116,25,28
8/8/2019,2019,220,183,28,109,32,23
8/9/2019,2019,221,167,29,91,23,31
8/10/2019,2019,222,129,15,82,21,18
8/11/2019,2019,223,135,13,94,23,11
8/12/2019,2019,224,183,22,113,23,31
8/13/2019,2019,225,174,23,110,33,19
8/14/2019,2019,226,171,21,107,29,23
8/15/2019,2019,227,194,28,106,35,32
8/16/2019,2019,228,202,22,130,28,27
8/17/2019,2019,229,153,15,110,24,12
8/18/2019,2019,230,170,14,106,40,26
8/19/2019,2019,231,140,20,83,24,19
8/20/2019,2019,232,197,18,141,19,28
8/21/2019,2019,233,178,17,129,23,17
8/22/2019,2019,234,187,24,114,34,22
8/23/2019,2019,235,191,21,108,32,39
8/24/2019,2019,236,168,16,110,23,25
8/25/2019,2019,237,175,12,120,31,22
8/26/2019,2019,238,178,17,118,28,21
8/27/2019,2019,239,174,22,97,24,37
8/28/2019,2019,240,178,22,114,25,22
8/29/2019,2019,241,208,23,137,29,27
8/30/2019,2019,242,192,28,113,25,33
8/31/2019,2019,243,157,16,106,22,17
9/1/2019,2019,244,201,14,120,41,31
9/2/2019,2019,245,137,16,93,21,13
9/3/2019,2019,246,187,31,107,26,30
9/4/2019,2019,247,179,27,111,23,23
9/5/2019,2019,248,201,30,129,25,24
9/6/2019,2019,249,171,25,110,22,22
9/7/2019,2019,250,174,24,101,33,27
9/8/2019,2019,251,176,13,106,38,23
9/9/2019,2019,252,176,19,117,24,21
9/10/2019,2019,253,165,37,97,19,19
9/11/2019,2019,254,170,20,115,19,21
9/12/2019,2019,255,199,28,115,21,38
9/13/2019,2019,256,183,21,133,18,14
9/14/2019,2019,257,177,12,119,35,16
9/15/2019,2019,258,143,13,90,28,18
9/16/2019,2019,259,180,15,124,19,28
9/17/2019,2019,260,188,23,127,32,15
9/18/2019,2019,261,200,30,121,27,30
9/19/2019,2019,262,220,25,138,27,38
9/20/2019,2019,263,183,19,106,33,28
9/21/2019,2019,264,167,11,109,30,23
9/22/2019,2019,265,156,12,104,32,19
9/23/2019,2019,266,173,14,114,28,27
9/24/2019,2019,267,181,24,113,38,22
9/25/2019,2019,268,223,28,138,33,33
9/26/2019,2019,269,172,32,115,15,16
9/27/2019,2019,270,171,24,110,24,19
9/28/2019,2019,271,195,16,130,27,31
9/29/2019,2019,272,165,12,95,44,24
9/30/2019,2019,273,174,15,117,29,28
10/1/2019,2019,274,246,31,155,34,31
10/2/2019,2019,275,193,25,120,30,28
10/3/2019,2019,276,179,21,113,29,23
10/4/2019,2019,277,217,26,142,24,32
10/5/2019,2019,278,170,11,117,27,22
10/6/2019,2019,279,153,10,98,30,20
10/7/2019,2019,280,189,18,122,29,24
10/8/2019,2019,281,186,30,114,25,24
10/9/2019,2019,282,202,25,132,27,29
10/10/2019,2019,283,183,21,114,31,28
10/11/2019,2019,284,179,22,116,16,31
10/12/2019,2019,285,154,11,92,29,26
10/13/2019,2019,286,154,12,114,27,13
10/14/2019,2019,287,160,21,100,22,25
10/15/2019,2019,288,201,19,134,26,28
10/16/2019,2019,289,194,20,120,29,30
10/17/2019,2019,290,186,17,128,22,23
10/18/2019,2019,291,202,18,133,36,24
10/19/2019,2019,292,164,11,116,22,21
10/20/2019,2019,293,149,16,88,28,23
10/21/2019,2019,294,174,28,113,20,25
10/22/2019,2019,295,191,22,136,18,22
10/23/2019,2019,296,214,36,134,31,25
10/24/2019,2019,297,188,22,126,19,31
10/25/2019,2019,298,201,24,118,34,32
10/26/2019,2019,299,189,16,139,22,16
10/27/2019,2019,300,174,7,115,40,21
10/28/2019,2019,301,207,20,152,20,20
10/29/2019,2019,302,185,29,117,23,20
10/30/2019,2019,303,184,17,121,29,22
10/31/2019,2019,304,186,23,119,24,28
11/1/2019,2019,305,214,19,140,30,33
11/2/2019,2019,306,164,15,111,24,19
11/3/2019,2019,307,135,9,95,19,15
11/4/2019,2019,308,181,22,115,23,32
11/5/2019,2019,309,171,29,98,19,30
11/6/2019,2019,310,172,19,113,31,17
11/7/2019,2019,311,193,21,120,39,22
11/8/2019,2019,312,184,10,121,28,31
11/9/2019,2019,313,146,15,90,30,19
11/10/2019,2019,314,151,12,90,39,18
11/11/2019,2019,315,177,14,118,30,23
11/12/2019,2019,316,189,27,131,17,20
11/13/2019,2019,317,193,14,147,21,19
11/14/2019,2019,318,205,21,127,35,35
11/15/2019,2019,319,190,23,119,24,34
11/16/2019,2019,320,165,14,111,27,22
11/17/2019,2019,321,152,12,109,25,12
11/18/2019,2019,322,182,17,119,26,28
11/19/2019,2019,323,170,17,114,23,23
11/20/2019,2019,324,187,20,126,25,26
11/21/2019,2019,325,168,19,112,20,21
11/22/2019,2019,326,201,21,133,29,32
11/23/2019,2019,327,184,25,116,23,26
11/24/2019,2019,328,165,17,110,27,21
11/25/2019,2019,329,193,22,126,24,27
11/26/2019,2019,330,179,26,119,20,21
11/27/2019,2019,331,209,18,133,21,43
11/28/2019,2019,332,173,6,110,28,36
11/29/2019,2019,333,169,15,113,30,21
11/30/2019,2019,334,171,15,119,20,23
12/1/2019,2019,335,218,15,143,31,34
12/2/2019,2019,336,194,26,130,24,23
12/3/2019,2019,337,180,23,121,24,18
12/4/2019,2019,338,184,22,134,20,18
12/5/2019,2019,339,209,32,135,27,23
12/6/2019,2019,340,200,17,137,30,22
12/7/2019,2019,341,166,19,112,26,22
12/8/2019,2019,342,180,6,123,28,26
12/9/2019,2019,343,183,23,130,23,19
12/10/2019,2019,344,183,25,125,26,22
12/11/2019,2019,345,185,13,138,23,20
12/12/2019,2019,346,189,27,122,25,23
12/13/2019,2019,347,170,10,119,31,18
12/14/2019,2019,348,184,18,124,35,15
12/15/2019,2019,349,184,7,130,37,23
12/16/2019,2019,350,149,10,112,20,15
12/17/2019,2019,351,161,17,116,16,18
12/18/2019,2019,352,185,13,129,29,24
12/19/2019,2019,353,180,11,135,18,20
12/20/2019,2019,354,190,15,136,17,27
12/21/2019,2019,355,186,16,122,28,29
12/22/2019,2019,356,184,16,129,21,24
12/23/2019,2019,357,214,17,144,19,37
12/24/2019,2019,358,188,12,140,11,27
12/25/2019,2019,359,134,12,78,19,30
12/26/2019,2019,360,170,12,122,25,19
12/27/2019,2019,361,188,21,132,25,16
12/28/2019,2019,362,184,13,138,23,16
12/29/2019,2019,363,161,10,109,22,28
12/30/2019,2019,364,169,14,114,23,25
12/31/2019,2019,365,213,19,137,38,29
1/1/2020,2020,1,257,16,160,49,35
1/2/2020,2020,2,163,17,118,16,15
1/3/2020,2020,3,190,24,124,20,27
1/4/2020,2020,4,187,16,126,31,25
1/5/2020,2020,5,162,20,105,26,17
1/6/2020,2020,6,161,27,107,26,8
1/7/2020,2020,7,168,16,115,26,18
1/8/2020,2020,8,210,23,133,21,38
1/9/2020,2020,9,194,20,132,16,30
1/10/2020,2020,10,202,17,137,28,31
1/11/2020,2020,11,146,8,103,21,19
1/12/2020,2020,12,160,16,108,30,19
1/13/2020,2020,13,174,15,121,22,21
1/14/2020,2020,14,181,28,119,19,19
1/15/2020,2020,15,185,16,141,14,21
1/16/2020,2020,16,208,27,132,25,35
1/17/2020,2020,17,207,21,131,37,30
1/18/2020,2020,18,158,17,102,23,23
1/19/2020,2020,19,179,21,111,31,21
1/20/2020,2020,20,182,18,121,28,27
1/21/2020,2020,21,181,18,123,28,21
1/22/2020,2020,22,232,30,156,34,21
1/23/2020,2020,23,184,17,132,13,23
1/24/2020,2020,24,213,28,144,22,27
1/25/2020,2020,25,189,18,130,21,27
1/26/2020,2020,26,155,14,103,28,16
1/27/2020,2020,27,173,22,114,25,20
1/28/2020,2020,28,178,30,111,24,25
1/29/2020,2020,29,202,28,135,23,23
1/30/2020,2020,30,200,31,130,20,24
1/31/2020,2020,31,193,15,125,24,38
2/1/2020,2020,32,223,15,153,43,22
2/2/2020,2020,33,163,11,119,25,14
2/3/2020,2020,34,188,18,133,24,23
2/4/2020,2020,35,174,29,103,23,24
2/5/2020,2020,36,165,28,108,10,22
2/6/2020,2020,37,194,31,130,22,17
2/7/2020,2020,38,193,20,131,27,24
2/8/2020,2020,39,186,17,134,25,18
2/9/2020,2020,40,168,13,113,27,20
2/10/2020,2020,41,196,17,132,20,34
2/11/2020,2020,42,195,27,125,22,30
2/12/2020,2020,43,181,26,125,27,13
2/13/2020,2020,44,200,31,139,25,13
2/14/2020,2020,45,215,24,145,26,26
2/15/2020,2020,46,180,13,122,24,26
2/16/2020,2020,47,196,16,143,26,17
2/17/2020,2020,48,186,19,131,26,22
2/18/2020,2020,49,186,21,125,35,18
2/19/2020,2020,50,187,16,128,32,18
2/20/2020,2020,51,174,16,116,30,23
2/21/2020,2020,52,222,16,144,30,37
2/22/2020,2020,53,148,9,111,20,15
2/23/2020,2020,54,161,14,111,24,17
2/24/2020,2020,55,189,25,130,26,18
2/25/2020,2020,56,182,25,125,29,13
2/26/2020,2020,57,182,26,124,23,18
2/27/2020,2020,58,170,26,113,19,18
2/28/2020,2020,59,203,25,133,24,25
2/29/2020,2020,60,152,17,98,29,14
3/1/2020,2020,61,232,19,157,30,33
3/2/2020,2020,62,187,20,120,34,23
3/3/2020,2020,63,168,21,111,18,23
3/4/2020,2020,64,190,33,112,31,24
3/5/2020,2020,65,162,25,96,27,20
3/6/2020,2020,66,207,22,145,40,15
3/7/2020,2020,67,166,30,99,26,19
3/8/2020,2020,68,156,19,100,36,11
3/9/2020,2020,69,213,16,145,34,25
3/10/2020,2020,70,174,20,114,35,18
3/11/2020,2020,71,194,17,143,19,24
3/12/2020,2020,72,188,21,124,20,24
3/13/2020,2020,73,174,31,113,23,11
3/14/2020,2020,74,174,15,117,27,19
3/15/2020,2020,75,159,13,107,28,22
3/16/2020,2020,76,184,16,117,36,23
3/17/2020,2020,77,193,23,121,41,26
3/18/2020,2020,78,176,21,114,25,24
3/19/2020,2020,79,178,29,110,27,20
3/20/2020,2020,80,191,22,126,34,20
3/21/2020,2020,81,159,22,107,26,15
3/22/2020,2020,82,131,15,88,22,14
3/23/2020,2020,83,205,13,146,33,25
3/24/2020,2020,84,186,20,134,20,19
3/25/2020,2020,85,182,24,122,24,20
3/26/2020,2020,86,177,16,128,23,19
3/27/2020,2020,87,182,26,113,17,32
3/28/2020,2020,88,195,22,118,31,32
3/29/2020,2020,89,160,6,112,29,21
3/30/2020,2020,90,178,13,109,36,31
3/31/2020,2020,91,152,13,107,29,14
4/1/2020,2020,92,188,25,114,29,25
4/2/2020,2020,93,178,23,119,19,23
4/3/2020,2020,94,191,21,119,39,20
4/4/2020,2020,95,158,12,108,17,27
4/5/2020,2020,96,147,8,79,38,27
4/6/2020,2020,97,206,17,143,30,26
4/7/2020,2020,98,184,12,122,28,27
4/8/2020,2020,99,182,21,115,36,22
4/9/2020,2020,100,166,15,114,29,19
4/10/2020,2020,101,187,17,123,25,28
4/11/2020,2020,102,171,18,119,21,18
4/12/2020,2020,103,141,12,91,24,17
4/13/2020,2020,104,161,21,103,21,22
4/14/2020,2020,105,170,25,105,22,26
4/15/2020,2020,106,184,33,112,25,23
4/16/2020,2020,107,175,33,94,26,25
4/17/2020,2020,108,180,18,120,28,20
4/18/2020,2020,109,169,29,98,28,17
4/19/2020,2020,110,165,22,96,29,23
4/20/2020,2020,111,185,25,115,34,22
4/21/2020,2020,112,198,27,125,33,23
4/22/2020,2020,113,192,25,123,27,22
4/23/2020,2020,114,175,25,121,25,15
4/24/2020,2020,115,190,24,110,33,29
4/25/2020,2020,116,170,20,105,36,17
4/26/2020,2020,117,165,19,100,35,16
4/27/2020,2020,118,170,16,121,17,19
4/28/2020,2020,119,190,19,121,25,30
4/29/2020,2020,120,184,27,115,33,15
4/30/2020,2020,121,181,24,112,31,24
5/1/2020,2020,122,189,11,112,33,36
5/2/2020,2020,123,158,20,93,32,23
5/3/2020,2020,124,155,18,86,36,20
5/4/2020,2020,125,175,18,121,20,18
5/5/2020,2020,126,204,34,130,23,19
5/6/2020,2020,127,159,30,98,24,15
5/7/2020,2020,128,158,23,108,18,15
5/8/2020,2020,129,172,30,101,23,23
5/9/2020,2020,130,167,22,101,28,19
5/10/2020,2020,131,160,8,90,36,33
5/11/2020,2020,132,168,13,108,30,24
5/12/2020,2020,133,182,27,113,28,24
5/13/2020,2020,134,187,21,134,19,20
5/14/2020,2020,135,179,34,108,20,23
5/15/2020,2020,136,166,19,100,23,30
5/16/2020,2020,137,167,28,107,26,12
5/17/2020,2020,138,159,8,98,39,20
5/18/2020,2020,139,174,11,118,26,24
5/19/2020,2020,140,185,19,121,33,16
5/20/2020,2020,141,171,23,96,31,30
5/21/2020,2020,142,150,21,101,25,11
5/22/2020,2020,143,158,16,100,29,22
5/23/2020,2020,144,181,22,107,36,24
5/24/2020,2020,145,138,16,81,33,15
5/25/2020,2020,146,172,16,109,37,18
5/26/2020,2020,147,202,12,126,30,39
5/27/2020,2020,148,165,17,92,36,28
5/28/2020,2020,149,149,15,95,27,19
5/29/2020,2020,150,183,15,120,29,24
5/30/2020,2020,151,164,12,107,28,25
5/31/2020,2020,152,133,10,84,27,18
6/1/2020,2020,153,189,5,117,40,33
6/2/2020,2020,154,140,9,102,22,11
6/3/2020,2020,155,161,16,101,32,16
6/4/2020,2020,156,148,16,95,23,22
6/5/2020,2020,157,128,15,72,27,24
6/6/2020,2020,158,157,15,102,24,16
6/7/2020,2020,159,160,7,112,30,22
6/8/2020,2020,160,167,15,106,23,24
6/9/2020,2020,161,153,14,108,25,15
6/10/2020,2020,162,148,16,98,20,17
6/11/2020,2020,163,139,17,84,22,20
6/12/2020,2020,164,139,12,90,26,19
6/13/2020,2020,165,157,18,95,30,17
6/14/2020,2020,166,154,11,98,30,16
6/15/2020,2020,167,145,13,96,24,17
6/16/2020,2020,168,123,13,81,19,13
6/17/2020,2020,169,163,13,114,25,15
6/18/2020,2020,170,137,18,84,22,16
6/19/2020,2020,171,150,15,87,30,20
6/20/2020,2020,172,128,8,75,30,19
6/21/2020,2020,173,150,7,92,39,19
6/22/2020,2020,174,133,18,86,23,11
6/23/2020,2020,175,152,17,88,33,17
6/24/2020,2020,176,163,13,97,34,26
6/25/2020,2020,177,124,12,79,25,16
6/26/2020,2020,178,134,17,85,21,19
6/27/2020,2020,179,134,9,85,33,9
6/28/2020,2020,180,137,11,89,24,18
6/29/2020,2020,181,145,15,90,30,15
6/30/2020,2020,182,140,22,85,21,15
7/1/2020,2020,183,185,25,112,34,20
7/2/2020,2020,184,149,21,85,29,23
7/3/2020,2020,185,148,12,86,38,21
7/4/2020,2020,186,154,18,83,39,19
7/5/2020,2020,187,157,10,85,41,26
7/6/2020,2020,188,153,15,104,28,10
7/7/2020,2020,189,111,17,67,24,13
7/8/2020,2020,190,134,15,89,22,14
7/9/2020,2020,191,161,27,98,26,15
7/10/2020,2020,192,155,18,88,35,17
7/11/2020,2020,193,138,18,88,20,16
7/12/2020,2020,194,129,11,68,38,17
7/13/2020,2020,195,113,11,65,28,17
7/14/2020,2020,196,137,10,92,17,22
7/15/2020,2020,197,138,12,94,17,16
7/16/2020,2020,198,149,10,103,21,22
7/17/2020,2020,199,159,23,85,33,21
7/18/2020,2020,200,123,16,71,23,18
7/19/2020,2020,201,129,9,73,29,21
7/20/2020,2020,202,142,17,90,25,15
7/21/2020,2020,203,140,24,90,21,12
7/22/2020,2020,204,134,24,77,24,12
7/23/2020,2020,205,140,28,84,19,16
7/24/2020,2020,206,153,17,91,23,23
7/25/2020,2020,207,173,24,107,29,17
7/26/2020,2020,208,128,11,78,37,8
7/27/2020,2020,209,145,18,88,23,20
7/28/2020,2020,210,159,22,98,22,20
7/29/2020,2020,211,158,21,105,16,17
7/30/2020,2020,212,143,16,84,27,22
7/31/2020,2020,213,135,18,80,21,22
8/1/2020,2020,214,192,10,121,46,20
8/2/2020,2020,215,133,16,67,40,18
8/3/2020,2020,216,152,10,101,32,13
8/4/2020,2020,217,156,26,93,24,18
8/5/2020,2020,218,167,22,105,31,15
8/6/2020,2020,219,158,20,96,29,17
8/7/2020,2020,220,193,26,118,24,29
8/8/2020,2020,221,159,14,95,38,20
8/9/2020,2020,222,145,23,82,29,16
8/10/2020,2020,223,189,20,116,25,33
8/11/2020,2020,224,144,20,89,24,19
8/12/2020,2020,225,172,30,99,27,21
8/13/2020,2020,226,189,28,114,32,20
8/14/2020,2020,227,172,19,110,24,26
8/15/2020,2020,228,145,18,81,29,23
8/16/2020,2020,229,139,14,87,30,15
8/17/2020,2020,230,162,19,104,22,22
8/18/2020,2020,231,159,22,94,27,20
8/19/2020,2020,232,156,21,91,31,18
8/20/2020,2020,233,158,31,86,20,25
8/21/2020,2020,234,182,26,119,18,25
8/22/2020,2020,235,142,15,81,25,27
8/23/2020,2020,236,138,11,80,38,19
8/24/2020,2020,237,145,17,87,31,18
8/25/2020,2020,238,129,19,68,30,18
8/26/2020,2020,239,146,18,94,25,15
8/27/2020,2020,240,168,24,96,29,28
8/28/2020,2020,241,177,13,99,41,32
8/29/2020,2020,242,157,14,89,36,25
8/30/2020,2020,243,129,8,79,27,19
8/31/2020,2020,244,181,23,117,31,18
9/1/2020,2020,245,186,16,124,34,20
9/2/2020,2020,246,159,21,98,32,14
9/3/2020,2020,247,143,16,92,27,15
9/4/2020,2020,248,160,14,106,27,17
9/5/2020,2020,249,142,21,68,37,19
9/6/2020,2020,250,146,16,89,30,16
9/7/2020,2020,251,152,13,99,27,20
9/8/2020,2020,252,190,17,127,24,25
9/9/2020,2020,253,156,18,94,34,17
9/10/2020,2020,254,134,24,80,14,21
9/11/2020,2020,255,171,25,106,24,21
9/12/2020,2020,256,159,24,100,28,14
9/13/2020,2020,257,142,10,91,24,19
9/14/2020,2020,258,181,20,119,31,19
9/15/2020,2020,259,183,23,115,29,26
9/16/2020,2020,260,168,21,103,23,24
9/17/2020,2020,261,153,19,97,19,21
9/18/2020,2020,262,165,15,99,37,25
9/19/2020,2020,263,150,13,88,32,25
9/20/2020,2020,264,135,13,81,31,13
9/21/2020,2020,265,167,21,102,32,19
9/22/2020,2020,266,152,18,101,25,17
9/23/2020,2020,267,167,31,105,26,11
9/24/2020,2020,268,165,22,102,31,15
9/25/2020,2020,269,162,17,106,30,18
9/26/2020,2020,270,136,23,78,24,14
9/27/2020,2020,271,158,14,97,39,17
9/28/2020,2020,272,174,14,112,27,29
9/29/2020,2020,273,150,18,99,29,13
9/30/2020,2020,274,177,18,114,33,19
10/1/2020,2020,275,214,26,142,27,25
10/2/2020,2020,276,184,22,94,41,32
10/3/2020,2020,277,173,27,109,22,19
10/4/2020,2020,278,156,16,96,37,21
10/5/2020,2020,279,171,17,108,35,21
10/6/2020,2020,280,162,23,103,31,15
10/7/2020,2020,281,155,18,98,27,17
10/8/2020,2020,282,167,16,108,34,23
10/9/2020,2020,283,167,16,120,31,10
10/10/2020,2020,284,163,15,103,30,22
10/11/2020,2020,285,175,22,107,41,17
10/12/2020,2020,286,177,23,108,35,20
10/13/2020,2020,287,161,20,113,19,11
10/14/2020,2020,288,183,17,125,29,20
10/15/2020,2020,289,190,14,121,38,25
10/16/2020,2020,290,184,9,125,27,27
10/17/2020,2020,291,156,21,94,31,17
10/18/2020,2020,292,149,17,93,30,15
10/19/2020,2020,293,179,12,118,34,25
10/20/2020,2020,294,201,20,140,33,15
10/21/2020,2020,295,197,20,131,29,22
10/22/2020,2020,296,184,13,125,33,22
10/23/2020,2020,297,198,13,135,35,24
10/24/2020,2020,298,181,14,116,41,17
10/25/2020,2020,299,196,13,145,29,16
10/26/2020,2020,300,165,11,110,40,20
10/27/2020,2020,301,164,21,107,23,18
10/28/2020,2020,302,175,14,125,19,22
10/29/2020,2020,303,166,18,110,25,25
10/30/2020,2020,304,192,13,120,33,35
10/31/2020,2020,305,173,7,114,50,12
11/1/2020,2020,306,222,13,141,44,31
11/2/2020,2020,307,176,14,114,37,21
11/3/2020,2020,308,175,16,113,40,19
11/4/2020,2020,309,162,12,102,31,26
11/5/2020,2020,310,164,10,113,29,22
11/6/2020,2020,311,178,18,117,29,22
11/7/2020,2020,312,168,14,104,36,23
11/8/2020,2020,313,168,7,121,28,21
11/9/2020,2020,314,184,12,138,24,20
11/10/2020,2020,315,161,12,110,30,18
11/11/2020,2020,316,177,10,133,27,18
11/12/2020,2020,317,184,16,129,31,17
11/13/2020,2020,318,187,12,134,32,20
11/14/2020,2020,319,161,13,111,27,16
11/15/2020,2020,320,164,11,109,28,20
11/16/2020,2020,321,189,18,128,33,21
11/17/2020,2020,322,181,20,109,36,24
11/18/2020,2020,323,183,15,108,36,32
11/19/2020,2020,324,200,14,140,27,25
11/20/2020,2020,325,193,15,141,20,21
11/21/2020,2020,326,165,11,116,29,19
11/22/2020,2020,327,169,6,114,35,22
11/23/2020,2020,328,163,16,114,24,14
11/24/2020,2020,329,171,13,129,16,17
11/25/2020,2020,330,167,6,114,33,26
11/26/2020,2020,331,125,8,84,16,21
11/27/2020,2020,332,171,7,122,24,23
11/28/2020,2020,333,199,13,139,32,21
11/29/2020,2020,334,167,6,124,25,17
11/30/2020,2020,335,183,8,141,30,12
12/1/2020,2020,336,230,17,163,40,25
12/2/2020,2020,337,185,19,127,24,19
12/3/2020,2020,338,167,17,114,23,21
12/4/2020,2020,339,194,17,140,13,27
12/5/2020,2020,340,166,7,122,28,16
12/6/2020,2020,341,193,8,136,33,26
12/7/2020,2020,342,178,13,129,27,15
12/8/2020,2020,343,207,21,148,24,20
12/9/2020,2020,344,187,22,123,23,27
12/10/2020,2020,345,166,10,118,28,18
12/11/2020,2020,346,191,10,138,30,21
12/12/2020,2020,347,184,8,132,36,17
12/13/2020,2020,348,162,12,102,27,27
12/14/2020,2020,349,196,13,150,25,15
12/15/2020,2020,350,193,15,141,24,21
12/16/2020,2020,351,182,17,139,12,16
12/17/2020,2020,352,194,21,132,25,25
12/18/2020,2020,353,207,15,146,29,25
12/19/2020,2020,354,178,14,134,22,17
12/20/2020,2020,355,178,11,129,33,13
12/21/2020,2020,356,190,10,149,22,15
12/22/2020,2020,357,188,13,137,26,22
12/23/2020,2020,358,215,9,155,35,28
12/24/2020,2020,359,173,3,130,28,19
12/25/2020,2020,360,143,4,88,28,30
12/26/2020,2020,361,177,18,116,27,24
12/27/2020,2020,362,170,12,118,28,22
12/28/2020,2020,363,194,15,142,22,21
12/29/2020,2020,364,170,8,123,25,19
12/30/2020,2020,365,161,15,117,22,18
12/31/2020,2020,366,191,7,126,31,35
1/1/2021,2021,1,225,11,147,41,33
1/2/2021,2021,2,143,8,95,25,20
1/3/2021,2021,3,174,8,127,25,24
1/4/2021,2021,4,178,16,118,23,25
1/5/2021,2021,5,193,26,125,25,20
1/6/2021,2021,6,161,18,110,19,22
1/7/2021,2021,7,153,18,96,28,22
1/8/2021,2021,8,153,21,101,20,15
1/9/2021,2021,9,161,14,102,34,22
1/10/2021,2021,10,179,13,123,26,26
1/11/2021,2021,11,163,15,110,32,19
1/12/2021,2021,12,172,17,108,29,23
1/13/2021,2021,13,148,11,105,25,17
1/14/2021,2021,14,167,15,119,21,21
1/15/2021,2021,15,180,24,116,22,21
1/16/2021,2021,16,190,16,129,29,26
1/17/2021,2021,17,165,13,116,30,17
1/18/2021,2021,18,175,14,130,26,12
1/19/2021,2021,19,171,14,121,22,17
1/20/2021,2021,20,184,20,118,23,30
1/21/2021,2021,21,187,15,128,38,18
1/22/2021,2021,22,170,19,114,24,20
1/23/2021,2021,23,188,17,134,30,14
1/24/2021,2021,24,142,11,98,23,18
1/25/2021,2021,25,154,7,108,25,18
1/26/2021,2021,26,199,28,127,27,21
1/27/2021,2021,27,171,24,116,20,17
1/28/2021,2021,28,169,21,118,16,21
1/29/2021,2021,29,193,15,140,39,13
1/30/2021,2021,30,186,10,125,32,29
1/31/2021,2021,31,177,16,106,39,25
2/1/2021,2021,32,211,16,148,33,25
2/2/2021,2021,33,188,26,125,25,18
2/3/2021,2021,34,189,21,132,22,23
2/4/2021,2021,35,172,18,113,25,23
2/5/2021,2021,36,208,21,137,26,28
2/6/2021,2021,37,177,15,116,31,21
2/7/2021,2021,38,157,12,105,31,20
2/8/2021,2021,39,196,15,150,23,15
2/9/2021,2021,40,171,22,123,22,13
2/10/2021,2021,41,190,21,122,27,27
2/11/2021,2021,42,183,18,123,25,24
2/12/2021,2021,43,241,17,176,29,23
2/13/2021,2021,44,190,17,127,26,24
2/14/2021,2021,45,155,14,100,35,15
2/15/2021,2021,46,221,14,167,27,23
2/16/2021,2021,47,177,14,125,27,21
2/17/2021,2021,48,182,20,125,29,17
2/18/2021,2021,49,157,11,112,19,18
2/19/2021,2021,50,201,10,149,28,20
2/20/2021,2021,51,165,9,119,31,13
2/21/2021,2021,52,197,16,137,34,18
2/22/2021,2021,53,183,13,123,34,23
2/23/2021,2021,54,161,16,124,22,8
2/24/2021,2021,55,177,13,120,32,22
2/25/2021,2021,56,182,18,125,21,24
2/26/2021,2021,57,206,12,136,37,29
2/27/2021,2021,58,163,18,102,25,23
2/28/2021,2021,59,169,9,109,36,24
3/1/2021,2021,60,229,9,153,42,31
3/2/2021,2021,61,193,22,138,19,19
3/3/2021,2021,62,205,16,150,24,22
3/4/2021,2021,63,161,19,113,29,11
3/5/2021,2021,64,188,13,131,30,24
3/6/2021,2021,65,165,15,101,32,25
3/7/2021,2021,66,166,17,116,21,16
3/8/2021,2021,67,189,18,119,27,30
3/9/2021,2021,68,202,19,148,26,18
3/10/2021,2021,69,187,8,140,31,17
3/11/2021,2021,70,173,18,119,24,19
3/12/2021,2021,71,210,23,143,27,27
3/13/2021,2021,72,172,10,127,23,17
3/14/2021,2021,73,172,13,119,23,19
3/15/2021,2021,74,156,18,99,30,19
3/16/2021,2021,75,161,21,102,21,20
3/17/2021,2021,76,159,21,108,18,15
3/18/2021,2021,77,164,16,106,26,23
3/19/2021,2021,78,167,15,114,27,17
3/20/2021,2021,79,158,13,111,21,17
3/21/2021,2021,80,181,16,123,31,16
3/22/2021,2021,81,184,21,119,27,24
3/23/2021,2021,82,186,24,126,22,20
3/24/2021,2021,83,160,16,111,24,18
3/25/2021,2021,84,165,12,120,20,16
3/26/2021,2021,85,156,17,108,24,14
3/27/2021,2021,86,150,12,104,21,16
3/28/2021,2021,87,138,12,79,37,17
3/29/2021,2021,88,160,15,107,28,15
3/30/2021,2021,89,185,24,122,28,23
3/31/2021,2021,90,153,19,97,32,16
4/1/2021,2021,91,197,24,119,37,23
4/2/2021,2021,92,174,20,112,30,14
4/3/2021,2021,93,161,14,99,30,21
4/4/2021,2021,94,116,10,67,25,17
4/5/2021,2021,95,148,20,93,24,18
4/6/2021,2021,96,168,25,113,19,12
4/7/2021,2021,97,151,24,91,29,12
4/8/2021,2021,98,124,13,73,26,16
4/9/2021,2021,99,169,21,102,25,26
4/10/2021,2021,100,162,17,106,36,9
4/11/2021,2021,101,129,13,73,35,16
4/12/2021,2021,102,173,22,111,32,12
4/13/2021,2021,103,146,18,87,15,26
4/14/2021,2021,104,164,17,109,22,20
4/15/2021,2021,105,148,12,96,26,20
4/16/2021,2021,106,156,16,98,28,20
4/17/2021,2021,107,166,13,110,36,16
4/18/2021,2021,108,140,13,92,34,10
4/19/2021,2021,109,181,17,121,29,19
4/20/2021,2021,110,133,14,86,23,17
4/21/2021,2021,111,152,22,93,21,22
4/22/2021,2021,112,141,17,92,22,13
4/23/2021,2021,113,167,10,116,23,20
4/24/2021,2021,114,129,11,83,35,7
4/25/2021,2021,115,159,9,105,30,22
4/26/2021,2021,116,181,20,118,23,22
4/27/2021,2021,117,157,20,98,25,18
4/28/2021,2021,118,144,21,85,27,20
4/29/2021,2021,119,170,19,112,24,21
4/30/2021,2021,120,174,14,119,29,16
5/1/2021,2021,121,195,17,128,33,26
5/2/2021,2021,122,143,10,93,25,18
5/3/2021,2021,123,183,21,123,28,22
5/4/2021,2021,124,154,20,97,27,17
5/5/2021,2021,125,156,19,98,21,20
5/6/2021,2021,126,159,24,92,26,23
5/7/2021,2021,127,177,13,118,40,18
5/8/2021,2021,128,134,16,78,33,12
5/9/2021,2021,129,148,9,87,39,19
5/10/2021,2021,130,151,19,102,20,15
5/11/2021,2021,131,157,19,101,27,14
5/12/2021,2021,132,191,20,119,35,23
5/13/2021,2021,133,160,22,103,25,13
5/14/2021,2021,134,209,22,139,31,23
5/15/2021,2021,135,156,17,106,27,14
5/16/2021,2021,136,128,11,82,27,13
5/17/2021,2021,137,178,19,116,32,15
5/18/2021,2021,138,158,12,105,35,13
5/19/2021,2021,139,154,15,108,29,8
5/20/2021,2021,140,148,13,96,26,16
5/21/2021,2021,141,173,18,102,31,28
5/22/2021,2021,142,144,11,102,22,14
5/23/2021,2021,143,168,9,104,41,23
5/24/2021,2021,144,187,23,127,25,16
5/25/2021,2021,145,178,23,123,24,16
5/26/2021,2021,146,166,17,111,25,18
5/27/2021,2021,147,154,12,111,22,14
5/28/2021,2021,148,175,18,104,26,30
5/29/2021,2021,149,164,17,111,26,15
5/30/2021,2021,150,171,4,119,44,17
5/31/2021,2021,151,156,11,101,38,14
6/1/2021,2021,152,199,20,145,26,17
6/2/2021,2021,153,155,22,95,25,19
6/3/2021,2021,154,165,25,102,28,15
6/4/2021,2021,155,164,12,99,37,22
6/5/2021,2021,156,169,12,103,34,26
6/6/2021,2021,157,153,11,100,34,17
6/7/2021,2021,158,158,13,113,27,14
6/8/2021,2021,159,171,22,113,28,12
6/9/2021,2021,160,170,17,113,34,15
6/10/2021,2021,161,160,13,107,31,19
6/11/2021,2021,162,206,18,140,39,21
6/12/2021,2021,163,165,15,112,37,13
6/13/2021,2021,164,142,5,94,36,15
6/14/2021,2021,165,164,21,104,20,21
6/15/2021,2021,166,161,21,115,23,7
6/16/2021,2021,167,149,21,102,19,13
6/17/2021,2021,168,148,16,94,29,16
6/18/2021,2021,169,165,12,107,31,20
6/19/2021,2021,170,146,16,87,35,17
6/20/2021,2021,171,137,12,84,29,17
6/21/2021,2021,172,150,23,99,24,11
6/22/2021,2021,173,175,26,117,25,16
6/23/2021,2021,174,159,18,93,35,20
6/24/2021,2021,175,166,20,109,20,21
6/25/2021,2021,176,177,14,122,28,18
6/26/2021,2021,177,151,19,92,24,18
6/27/2021,2021,178,157,18,106,29,13
6/28/2021,2021,179,173,18,117,23,18
6/29/2021,2021,180,144,17,88,22,24
6/30/2021,2021,181,182,18,127,32,17
7/1/2021,2021,182,190,8,134,33,22
7/2/2021,2021,183,168,14,116,34,14
7/3/2021,2021,184,165,14,101,36,20
7/4/2021,2021,185,150,8,89,43,24
7/5/2021,2021,186,160,15,112,26,14
7/6/2021,2021,187,185,23,119,36,22
7/7/2021,2021,188,181,32,104,33,18
7/8/2021,2021,189,156,16,102,23,18
7/9/2021,2021,190,192,15,141,31,13
7/10/2021,2021,191,182,14,115,38,22
7/11/2021,2021,192,159,10,100,32,20
7/12/2021,2021,193,160,15,112,26,13
7/13/2021,2021,194,192,23,126,31,20
7/14/2021,2021,195,140,10,94,20,18
7/15/2021,2021,196,172,18,112,32,15
7/16/2021,2021,197,167,15,109,27,19
7/17/2021,2021,198,161,23,99,28,18
7/18/2021,2021,199,144,8,93,29,18
7/19/2021,2021,200,144,17,100,24,11
7/20/2021,2021,201,175,18,116,35,17
7/21/2021,2021,202,143,5,103,19,20
7/22/2021,2021,203,169,12,120,32,17
7/23/2021,2021,204,152,11,102,23,20
7/24/2021,2021,205,190,15,133,30,20
7/25/2021,2021,206,170,10,109,41,18
7/26/2021,2021,207,187,17,127,35,19
7/27/2021,2021,208,178,11,121,33,22
7/28/2021,2021,209,164,16,112,32,9
7/29/2021,2021,210,173,17,120,25,15
7/30/2021,2021,211,171,15,112,30,23
7/31/2021,2021,212,189,22,122,27,24
8/1/2021,2021,213,205,13,131,48,20
8/2/2021,2021,214,203,24,141,30,18
8/3/2021,2021,215,158,14,106,32,15
8/4/2021,2021,216,133,17,91,12,15
8/5/2021,2021,217,137,22,89,21,8
8/6/2021,2021,218,147,16,97,24,16
8/7/2021,2021,219,156,11,106,30,13
8/8/2021,2021,220,159,18,103,35,12
8/9/2021,2021,221,162,19,109,33,10
8/10/2021,2021,222,156,20,101,32,14
8/11/2021,2021,223,139,25,81,30,13
8/12/2021,2021,224,190,30,114,27,23
8/13/2021,2021,225,188,18,128,26,25
8/14/2021,2021,226,186,10,116,37,28
8/15/2021,2021,227,153,6,87,46,20
8/16/2021,2021,228,180,17,120,29,22
8/17/2021,2021,229,160,13,112,20,20
8/18/2021,2021,230,144,16,98,20,15
8/19/2021,2021,231,137,11,90,34,14
8/20/2021,2021,232,190,16,137,26,21
8/21/2021,2021,233,183,16,117,28,26
8/22/2021,2021,234,169,14,108,33,20
8/23/2021,2021,235,178,19,120,26,19
8/24/2021,2021,236,163,13,111,34,15
8/25/2021,2021,237,176,18,120,28,19
8/26/2021,2021,238,161,24,104,24,14
8/27/2021,2021,239,174,18,109,28,23
8/28/2021,2021,240,192,17,121,36,28
8/29/2021,2021,241,151,6,109,26,12
8/30/2021,2021,242,152,17,101,24,19
8/31/2021,2021,243,162,18,116,20,12
9/1/2021,2021,244,202,20,125,37,26
9/2/2021,2021,245,183,25,124,27,13
9/3/2021,2021,246,162,19,105,27,17
9/4/2021,2021,247,163,13,117,27,13
9/5/2021,2021,248,167,10,113,32,16
9/6/2021,2021,249,163,19,105,32,13
9/7/2021,2021,250,165,16,117,29,13
9/8/2021,2021,251,157,14,104,30,16
9/9/2021,2021,252,163,16,117,24,12
9/10/2021,2021,253,182,14,121,29,25
9/11/2021,2021,254,139,8,100,25,13
9/12/2021,2021,255,164,12,118,28,11
9/13/2021,2021,256,166,20,109,26,16
9/14/2021,2021,257,148,28,88,23,13
9/15/2021,2021,258,180,25,110,24,25
9/16/2021,2021,259,175,22,125,21,14
9/17/2021,2021,260,216,12,153,33,26
9/18/2021,2021,261,173,14,111,26,27
9/19/2021,2021,262,186,10,133,33,15
9/20/2021,2021,263,175,10,137,22,17
9/21/2021,2021,264,176,19,122,30,13
9/22/2021,2021,265,169,9,113,28,22
9/23/2021,2021,266,163,14,117,25,12
9/24/2021,2021,267,196,14,134,29,23
9/25/2021,2021,268,151,7,110,29,15
9/26/2021,2021,269,160,7,105,37,24
9/27/2021,2021,270,166,10,120,25,20
9/28/2021,2021,271,179,19,121,23,20
9/29/2021,2021,272,165,17,122,21,9
9/30/2021,2021,273,171,13,126,22,20
10/1/2021,2021,274,241,17,163,33,32
10/2/2021,2021,275,165,13,110,26,22
10/3/2021,2021,276,157,14,108,34,9
10/4/2021,2021,277,188,17,125,26,27
10/5/2021,2021,278,184,16,127,23,20
10/6/2021,2021,279,165,18,117,29,10
10/7/2021,2021,280,153,17,98,34,19
10/8/2021,2021,281,186,14,138,27,15
10/9/2021,2021,282,179,20,116,39,14
10/10/2021,2021,283,152,7,115,31,13
10/11/2021,2021,284,169,12,124,21,16
10/12/2021,2021,285,183,24,123,29,14
10/13/2021,2021,286,168,19,112,22,19
10/14/2021,2021,287,160,18,105,18,25
10/15/2021,2021,288,185,13,131,34,14
10/16/2021,2021,289,134,10,96,24,13
10/17/2021,2021,290,176,12,120,32,21
10/18/2021,2021,291,170,14,121,23,15
10/19/2021,2021,292,179,21,124,28,13
10/20/2021,2021,293,179,18,115,27,26
10/21/2021,2021,294,157,15,110,16,20
10/22/2021,2021,295,171,16,122,14,23
10/23/2021,2021,296,166,13,103,38,22
10/24/2021,2021,297,159,6,106,35,18
10/25/2021,2021,298,205,16,149,33,18
10/26/2021,2021,299,189,25,124,27,20
10/27/2021,2021,300,194,19,138,20,21
10/28/2021,2021,301,156,16,107,21,17
10/29/2021,2021,302,175,15,112,28,30
10/30/2021,2021,303,156,4,111,32,16
10/31/2021,2021,304,162,7,110,32,19
11/1/2021,2021,305,223,9,150,36,37
11/2/2021,2021,306,185,22,118,31,24
11/3/2021,2021,307,183,15,124,29,20
11/4/2021,2021,308,165,23,115,18,17
11/5/2021,2021,309,168,12,119,24,22
11/6/2021,2021,310,159,7,115,23,19
11/7/2021,2021,311,144,10,98,25,18
11/8/2021,2021,312,189,26,126,33,10
11/9/2021,2021,313,178,16,126,32,12
11/10/2021,2021,314,180,13,127,30,17
11/11/2021,2021,315,177,13,133,18,16
11/12/2021,2021,316,176,14,126,20,18
11/13/2021,2021,317,188,8,135,37,17
11/14/2021,2021,318,144,13,97,25,15
11/15/2021,2021,319,170,14,129,25,14
11/16/2021,2021,320,160,15,109,30,12
11/17/2021,2021,321,200,27,137,27,18
11/18/2021,2021,322,177,17,130,23,15
11/19/2021,2021,323,172,9,125,32,17
11/20/2021,2021,324,151,14,106,20,16
11/21/2021,2021,325,164,7,117,34,13
11/22/2021,2021,326,201,18,139,30,21
11/23/2021,2021,327,177,18,123,30,15
11/24/2021,2021,328,159,7,120,22,18
11/25/2021,2021,329,122,5,92,16,11
11/26/2021,2021,330,169,11,121,25,20
11/27/2021,2021,331,144,6,102,24,21
11/28/2021,2021,332,155,2,124,23,12
11/29/2021,2021,333,194,16,138,31,16
11/30/2021,2021,334,179,9,143,19,13
12/1/2021,2021,335,206,17,142,21,29
12/2/2021,2021,336,175,15,125,24,16
12/3/2021,2021,337,182,11,128,23,24
12/4/2021,2021,338,175,8,130,31,15
12/5/2021,2021,339,155,16,96,30,19
12/6/2021,2021,340,163,13,115,21,20
12/7/2021,2021,341,173,17,125,26,14
12/8/2021,2021,342,181,19,121,18,27
12/9/2021,2021,343,170,14,118,30,11
12/10/2021,2021,344,167,11,127,20,13
12/11/2021,2021,345,180,13,125,31,19
12/12/2021,2021,346,166,12,114,29,16
12/13/2021,2021,347,185,11,130,28,21
12/14/2021,2021,348,151,17,106,18,15
12/15/2021,2021,349,190,22,129,25,21
12/16/2021,2021,350,156,16,110,11,22
12/17/2021,2021,351,180,17,128,24,16
12/18/2021,2021,352,150,11,110,20,12
12/19/2021,2021,353,157,10,113,26,13
12/20/2021,2021,354,153,10,103,29,21
12/21/2021,2021,355,158,15,107,22,20
12/22/2021,2021,356,181,11,139,25,17
12/23/2021,2021,357,178,10,129,26,20
12/24/2021,2021,358,150,4,107,17,28
12/25/2021,2021,359,133,7,80,21,28
12/26/2021,2021,360,117,8,79,26,13
12/27/2021,2021,361,181,23,135,14,13
12/28/2021,2021,362,156,9,108,27,15
12/29/2021,2021,363,171,9,125,25,19
12/30/2021,2021,364,177,26,121,15,20
12/31/2021,2021,365,202,8,149,18,29
